Code,Family,mean,SD,alpha,exp_s,seed,verdict,exact_match,mismatches,realized_mean,realized_SD,realized_skew,min,max,neg_count
N1,Normal,150,30,,,np.random.seed(42),PASS,True,0,149.89,30.01,-0.0,16,284,0
N2,Normal,165,30,,,43,PASS,True,0,164.86,29.94,0.0,57,293,0
N3,Normal,150,60,,,44,PASS,True,0,149.95,60.37,0.014,-89,392,225
N4,Normal,120,15,,,45,PASS,True,0,120.04,14.98,0.025,57,186,0
N5,Normal,120,30,,,46,PASS,True,0,119.93,29.84,0.004,-2,241,1
N6,Normal,120,45,,,47,PASS,True,0,119.84,44.94,0.026,-52,297,133
N7,Normal,120,60,,,48,PASS,True,0,119.9,60.46,-0.014,-114,351,895
N8,Normal,150,15,,,49,PASS,True,0,149.99,14.93,0.003,91,209,0
N9,Normal,150,45,,,50,PASS,True,0,150.05,44.98,-0.005,-41,334,23
N10,Normal,180,15,,,51,PASS,True,0,179.96,14.92,0.013,121,241,0
N11,Normal,180,30,,,52,PASS,True,0,180.11,29.86,-0.007,64,297,0
N12,Normal,180,45,,,53,PASS,True,0,180.18,44.97,0.016,2,385,0
N13,Normal,180,60,,,54,PASS,True,0,179.66,60.24,0.005,-64,419,57
U1,Uniform,,,,,100,PASS,True,0,119.99,69.48,-0.003,0,240,0
EG0,ExpGrowth,,,,80,110,PASS,True,0,172.52,56.78,-0.983,0,240,0
EG1,ExpGrowth,,,,160,111,PASS,True,0,149.25,65.46,-0.515,0,240,0
EG2,ExpGrowth,,,,240,112,PASS,True,0,140.08,67.58,-0.352,0,240,0
EG3,ExpGrowth,,,,40,113,PASS,True,0,200.73,38.25,-1.698,1,240,0
EG4,ExpGrowth,,,,20,114,PASS,True,0,219.85,20.22,-1.974,43,240,0
EG5,ExpGrowth,,,,10,115,PASS,True,0,230.07,9.93,-1.962,142,240,0
ED0,ExpDecay,,,,80,120,PASS,True,0,67.53,56.66,0.984,0,240,0
ED1,ExpDecay,,,,160,121,PASS,True,0,90.83,65.37,0.514,0,240,0
ED2,ExpDecay,,,,240,122,PASS,True,0,100.51,67.79,0.348,0,240,0
ED3,ExpDecay,,,,40,123,PASS,True,0,39.18,38.09,1.715,0,239,0
ED4,ExpDecay,,,,20,124,PASS,True,0,20.09,20.07,1.98,0,234,0
ED5,ExpDecay,,,,10,125,PASS,True,0,9.98,10.04,2.05,0,159,0
SL1,SkewLeft,150,30,-2,,200,PASS,True,0,150.0,30.19,-0.449,15,249,0
SL2,SkewLeft,165,30,-2,,201,PASS,True,0,164.97,30.01,-0.456,8,273,0
SL3,SkewLeft,150,60,-2,,202,PASS,True,0,149.4,60.16,-0.459,-125,370,539
SL4,SkewLeft,120,15,-2,,203,PASS,True,0,120.11,14.95,-0.437,46,168,0
SL5,SkewLeft,120,30,-2,,204,PASS,True,0,120.12,29.98,-0.475,-50,218,21
SL6,SkewLeft,120,45,-2,,205,PASS,True,0,120.02,44.88,-0.458,-119,266,388
SL7,SkewLeft,120,60,-2,,206,PASS,True,0,119.75,60.26,-0.476,-172,321,1399
SL8,SkewLeft,150,15,-2,,207,PASS,True,0,150.01,14.99,-0.487,82,201,0
SL9,SkewLeft,150,45,-2,,208,PASS,True,0,150.08,44.84,-0.423,-106,307,75
SL10,SkewLeft,180,15,-2,,209,PASS,True,0,179.99,14.96,-0.461,104,228,0
SL11,SkewLeft,180,30,-2,,210,PASS,True,0,179.82,30.02,-0.465,29,273,0
SL12,SkewLeft,180,45,-2,,211,PASS,True,0,179.59,45.02,-0.467,-44,325,20
SL13,SkewLeft,180,60,-2,,212,PASS,True,0,179.7,59.94,-0.46,-127,391,192
SL14,SkewLeft,150,30,-4,,213,PASS,True,0,150.08,29.95,-0.763,-14,226,2
SL15,SkewLeft,165,30,-4,,214,PASS,True,0,164.99,29.93,-0.759,9,237,0
SL16,SkewLeft,150,60,-4,,215,PASS,True,0,149.99,59.68,-0.782,-215,302,684
SL17,SkewLeft,120,15,-4,,216,PASS,True,0,119.96,14.92,-0.766,28,155,0
SL18,SkewLeft,120,30,-4,,217,PASS,True,0,120.17,29.88,-0.787,-44,194,33
SL19,SkewLeft,120,45,-4,,218,PASS,True,0,119.88,44.82,-0.78,-105,255,526
SL20,SkewLeft,120,60,-4,,219,PASS,True,0,119.96,59.95,-0.789,-236,297,1626
SL21,SkewLeft,150,15,-4,,220,PASS,True,0,149.95,14.99,-0.785,64,188,0
SL22,SkewLeft,150,45,-4,,221,PASS,True,0,149.99,44.96,-0.764,-90,257,141
SL23,SkewLeft,180,15,-4,,222,PASS,True,0,180.05,14.91,-0.788,89,218,0
SL24,SkewLeft,180,30,-4,,223,PASS,True,0,179.98,29.93,-0.775,1,255,0
SL25,SkewLeft,180,45,-4,,224,PASS,True,0,180.39,44.76,-0.757,-54,310,24
SL26,SkewLeft,180,60,-4,,225,PASS,True,0,180.1,59.45,-0.746,-145,327,242
SL27,SkewLeft,150,30,-8,,226,PASS,True,0,150.17,30.13,-0.96,-17,208,6
SL28,SkewLeft,165,30,-8,,227,PASS,True,0,165.04,29.96,-0.942,0,224,0
SL29,SkewLeft,150,60,-8,,228,PASS,True,0,149.71,60.25,-0.95,-250,263,831
SL30,SkewLeft,120,15,-8,,229,PASS,True,0,120.12,14.94,-0.942,37,148,0
SL31,SkewLeft,120,30,-8,,230,PASS,True,0,120.15,29.9,-0.937,-36,176,43
SL32,SkewLeft,120,45,-8,,231,PASS,True,0,120.29,45.21,-0.957,-169,208,649
SL33,SkewLeft,120,60,-8,,232,PASS,True,0,120.12,60.03,-0.948,-289,237,1709
SL34,SkewLeft,150,15,-8,,233,PASS,True,0,150.01,14.99,-0.93,71,181,0
SL35,SkewLeft,150,45,-8,,234,PASS,True,0,150.02,44.9,-0.926,-85,240,180
SL36,SkewLeft,180,15,-8,,235,PASS,True,0,180.05,15.06,-0.959,97,211,0
SL37,SkewLeft,180,30,-8,,236,PASS,True,0,180.0,29.86,-0.935,9,240,0
SL38,SkewLeft,180,45,-8,,237,PASS,True,0,180.14,44.81,-0.935,-65,263,46
SL39,SkewLeft,180,60,-8,,238,PASS,True,0,179.58,60.43,-0.935,-175,298,353
SR1,SkewRight,150,30,2,,300,PASS,True,0,150.02,30.04,0.454,54,297,0
SR2,SkewRight,165,30,2,,301,PASS,True,0,164.93,30.0,0.448,67,306,0
SR3,SkewRight,150,60,2,,302,PASS,True,0,149.97,59.7,0.426,-60,501,64
SR4,SkewRight,120,15,2,,303,PASS,True,0,119.91,15.06,0.453,67,194,0
SR5,SkewRight,120,30,2,,304,PASS,True,0,120.09,29.89,0.463,20,272,0
SR6,SkewRight,120,45,2,,305,PASS,True,0,120.03,45.16,0.452,-22,381,22
SR7,SkewRight,120,60,2,,306,PASS,True,0,120.14,59.94,0.45,-77,428,382
SR8,SkewRight,150,15,2,,307,PASS,True,0,150.08,15.14,0.461,98,249,0
SR9,SkewRight,150,45,2,,308,PASS,True,0,149.91,45.35,0.467,-1,413,1
SR10,SkewRight,180,15,2,,309,PASS,True,0,180.01,14.98,0.45,132,253,0
SR11,SkewRight,180,30,2,,310,PASS,True,0,180.03,29.95,0.458,89,328,0
SR12,SkewRight,180,45,2,,311,PASS,True,0,179.59,44.96,0.444,13,418,0
SR13,SkewRight,180,60,2,,312,PASS,True,0,179.91,60.35,0.469,-16,489,4
SR14,SkewRight,150,30,4,,313,PASS,True,0,150.33,30.26,0.797,77,341,0
SR15,SkewRight,165,30,4,,314,PASS,True,0,164.86,29.84,0.791,92,322,0
SR16,SkewRight,150,60,4,,315,PASS,True,0,149.52,59.83,0.783,3,512,0
SR17,SkewRight,120,15,4,,316,PASS,True,0,120.1,15.06,0.763,81,210,0
SR18,SkewRight,120,30,4,,317,PASS,True,0,120.27,30.09,0.77,43,277,0
SR19,SkewRight,120,45,4,,318,PASS,True,0,120.33,44.97,0.755,11,366,0
SR20,SkewRight,120,60,4,,319,PASS,True,0,120.45,60.4,0.792,-31,421,49
SR21,SkewRight,150,15,4,,320,PASS,True,0,150.03,15.09,0.792,113,236,0
SR22,SkewRight,150,45,4,,321,PASS,True,0,149.58,45.08,0.782,40,379,0
SR23,SkewRight,180,15,4,,322,PASS,True,0,180.13,15.11,0.79,143,269,0
SR24,SkewRight,180,30,4,,323,PASS,True,0,179.71,29.94,0.796,103,334,0
SR25,SkewRight,180,45,4,,324,PASS,True,0,179.97,44.68,0.779,66,442,0
SR26,SkewRight,180,60,4,,325,PASS,True,0,180.0,59.98,0.786,19,543,0
SR27,SkewRight,150,30,8,,326,PASS,True,0,150.26,30.22,0.93,89,314,0
SR28,SkewRight,165,30,8,,327,PASS,True,0,165.06,30.12,0.941,105,331,0
SR29,SkewRight,150,60,8,,328,PASS,True,0,149.9,59.75,0.927,38,514,0
SR30,SkewRight,120,15,8,,329,PASS,True,0,120.03,14.98,0.922,92,198,0
SR31,SkewRight,120,30,8,,330,PASS,True,0,119.81,29.83,0.932,61,289,0
SR32,SkewRight,120,45,8,,331,PASS,True,0,119.9,45.37,0.96,35,354,0
SR33,SkewRight,120,60,8,,332,PASS,True,0,119.7,60.0,0.968,6,435,0
SR34,SkewRight,150,15,8,,333,PASS,True,0,150.15,15.0,0.912,121,242,0
SR35,SkewRight,150,45,8,,334,PASS,True,0,150.23,45.11,0.934,60,432,0
SR36,SkewRight,180,15,8,,335,PASS,True,0,179.99,14.94,0.927,149,280,0
SR37,SkewRight,180,30,8,,336,PASS,True,0,180.01,30.21,0.952,120,351,0
SR38,SkewRight,180,45,8,,337,PASS,True,0,179.95,44.89,0.949,87,441,0
SR39,SkewRight,180,60,8,,338,PASS,True,0,179.56,59.76,0.913,61,502,0
