entity_type,real_value,alias,note
airport,AUH,FQR,
airport,HEL,DUU,
airport,BSZ,JMC,
airport,CAN,FVT,
airport,SGN,NXQ,
airport,HKG,HBP,
airport,YYZ,UWY,
airport,IKA,WUY,
airport,NRT,VUI,
airport,CAI,KCJ,
airport,MED,VVH,
airport,KTM,WWC,
airport,JFK,AQE,
airport,ALA,JOR,
airport,BAH,PXI,
airport,CPH,GQF,
airport,PVG,ZCB,
airport,ATH,EBV,
airport,YVR,VPI,
airport,CDG,TDE,
airport,KBV,MPU,
airport,DOH,FAP,
airport,SHJ,RIO,
airport,MCT,QUK,
airport,FRA,ITC,
airport,SYD,AYH,
airport,RUH,DFH,
airport,MNL,SES,
airport,DPS,QCE,
airport,MEL,HXN,
airport,SFO,KTZ,
airport,KUL,VFQ,
airport,CMB,UNC,
airport,HAN,ZTO,
airport,KBL,RVH,
airport,BKK,XUH,
airport,HKT,XGF,
airport,BBI,RMJ,
airport,LHR,LRY,
airport,CCU,AZE,
airport,DMK,NFY,
airport,KWI,HKO,
airport,PBH,RUB,
airport,HND,OVT,
airport,GYD,VAZ,
airport,DXB,QDJ,
airport,DAC,KXG,
airport,MAN,RSR,
airport,MXP,ICX,
airport,FCO,VUT,
airport,PEK,HVQ,
airport,MUC,ESP,
airport,DMM,QHH,
airport,SVO,WFG,
airport,DEL,VMT,hub
airport,BHX,DZC,
airport,SIN,DKP,
airport,JED,UJO,
airport,TAS,DII,
airport,ADD,JPY,
airport,ZRH,YSI,
airport,AMS,CFX,
airport,TBS,WTC,
airport,WAW,DHX,
airport,VIE,ZDK,
airport,IST,YIX,
airport,ICN,TVH,
airport,EWR,USB,
airport,BGW,JDW,
airline_code,ET,Airline01,Ethiopian Airlines
airline_code,KB,Airline02,Drukair
airline_code,CA,Airline03,Air China
airline_code,MH,Airline04,Malaysia Airlines
airline_code,XJ,Airline05,Thai AirAsia X
airline_code,AF,Airline06,Air France
airline_code,TG,Airline07,Thai Airways
airline_code,FZ,Airline08,flydubai
airline_code,IA,Airline09,Iraqi Airways
airline_code,6E,Airline10,IndiGo
airline_code,LH,Airline11,Lufthansa
airline_code,NH,Airline12,All Nippon Airways
airline_code,QR,Airline13,Qatar Airways
airline_code,LO,Airline14,LOT Polish Airlines
airline_code,EY,Airline15,Etihad Airways
airline_code,D7,Airline16,AirAsia X
airline_code,SV,Airline17,Saudia
airline_code,JL,Airline18,Japan Airlines
airline_code,XY,Airline19,flynas
airline_code,AY,Airline20,Finnair
airline_code,UL,Airline21,SriLankan Airlines
airline_code,J9,Airline22,Jazeera Airways
airline_code,KC,Airline23,Air Astana
airline_code,J2,Airline24,Azerbaijan Airlines
airline_code,MU,Airline25,China Eastern Airlines
airline_code,VJ,Airline26,VietJet Air
airline_code,UA,Airline27,United Airlines
airline_code,AA,Airline28,American Airlines
airline_code,KE,Airline29,Korean Air
airline_code,K9,Airline30,Tez Jet Airlines
airline_code,RA,Airline31,Nepal Airlines
airline_code,FG,Airline32,Ariana Afghan Airlines
airline_code,G9,Airline33,Air Arabia
airline_code,KU,Airline34,Kuwait Airways
airline_code,VN,Airline35,Vietnam Airlines
airline_code,RQ,Airline36,Kam Air
airline_code,AI,Airline37,Air India
airline_code,WY,Airline38,Oman Air
airline_code,W5,Airline39,Mahan Air
airline_code,LX,Airline40,Swiss International Air Lines
airline_code,BA,Airline41,British Airways
airline_code,VS,Airline42,Virgin Atlantic
airline_code,EK,Airline43,Emirates
airline_code,OD,Airline44,Batik Air Malaysia
airline_code,IX,Airline45,Air India Express
airline_code,AZ,Airline46,ITA Airways
airline_code,C6,Airline47,Centrum Air
airline_code,SG,Airline48,SpiceJet
airline_code,TK,Airline49,Turkish Airlines
airline_code,B3,Airline50,Bhutan Airlines
airline_code,AC,Airline51,Air Canada
airline_code,SQ,Airline52,Singapore Airlines
airline_code,SU,Airline53,Aeroflot
airline_code,CX,Airline54,Cathay Pacific
airline_code,GF,Airline55,Gulf Air
airline_code,MS,Airline56,EgyptAir
airline_code,KL,Airline57,KLM
ground_handler,AIESL,GHA01,
ground_handler,AISATS,GHA02,
ground_handler,Ramp 360,GHA03,
ground_handler,BFS,GHA04,
city,Phuket,City01,
city,Dubai,City02,
city,Beijing,City03,
city,Helsinki,City04,
city,Moscow,City05,
city,Kuala Lumpur,City06,
city,Warsaw,City07,
city,Bishkek,City08,
city,Baghdad,City09,
city,Bangkok,City10,
city,Athens,City11,
city,Dammam,City12,
city,Newark,City13,
city,Manchester,City14,
city,Paris,City15,
city,Melbourne,City16,
city,Tehran,City17,
city,Tbilisi,City18,
city,Rome,City19,
city,Almaty,City20,
city,Manila,City21,
city,Singapore,City22,
city,Seoul,City23,
city,Addis Ababa,City24,
city,Ho Chi Minh City,City25,
city,Jeddah,City26,
city,Colombo,City27,
city,Amsterdam,City28,
city,Medina,City29,
city,London,City30,
city,Doha,City31,
city,Muscat,City32,
city,Vancouver,City33,
city,Sydney,City34,
city,Kuwait City,City35,
city,Riyadh,City36,
city,Kathmandu,City37,
city,Paro,City38,
city,Baku,City39,
city,San Francisco,City40,
city,Birmingham,City41,
city,Hong Kong,City42,
city,Toronto,City43,
city,Kabul,City44,
city,Cairo,City45,
city,Manama,City46,
city,Copenhagen,City47,
city,Zurich,City48,
city,Guangzhou,City49,
city,Sharjah,City50,
city,Hanoi,City51,
city,Frankfurt,City52,
city,Dhaka,City53,
city,Munich,City54,
city,Tokyo,City55,
city,Tashkent,City56,
city,Milan,City57,
city,Krabi,City58,
city,Abu Dhabi,City59,
city,New York,City60,
city,Shanghai,City61,
city,Denpasar (Bali),City62,
city,Istanbul,City63,
country,Ethiopia,Country01,
country,Hong Kong,Country02,
country,Georgia,Country03,
country,United States,Country04,
country,India,Country05,
country,South Korea,Country06,
country,Russia,Country07,
country,United Kingdom,Country08,
country,Malaysia,Country09,
country,Kyrgyzstan,Country10,
country,Uzbekistan,Country11,
country,Sri Lanka,Country12,
country,Afghanistan,Country13,
country,Azerbaijan,Country14,
country,Saudi Arabia,Country15,
country,Oman,Country16,
country,Turkey,Country17,
country,Kuwait,Country18,
country,Philippines,Country19,
country,Japan,Country20,
country,Australia,Country21,
country,Denmark,Country22,
country,Egypt,Country23,
country,Greece,Country24,
country,Qatar,Country25,
country,Iran,Country26,
country,Germany,Country27,
country,Canada,Country28,
country,China,Country29,
country,Bhutan,Country30,
country,Vietnam,Country31,
country,France,Country32,
country,Italy,Country33,
country,Switzerland,Country34,
country,Bahrain,Country35,
country,Iraq,Country36,
country,Finland,Country37,
country,Kazakhstan,Country38,
country,Poland,Country39,
country,Singapore,Country40,
country,Netherlands,Country41,
country,Nepal,Country42,
country,United Arab Emirates,Country43,
country,Indonesia,Country44,
country,Bangladesh,Country45,
country,Thailand,Country46,
flight_designator,6E 003,Airline10 27,
flight_designator,6E 011,Airline10 06,
flight_designator,6E 033,Airline10 20,
flight_designator,6E 063,Airline10 11,
flight_designator,6E 071,Airline10 19,
flight_designator,6E 083,Airline10 05,
flight_designator,6E 1013,Airline10 29,
flight_designator,6E 1053,Airline10 26,
flight_designator,6E 1063,Airline10 15,
flight_designator,6E 1069,Airline10 07,
flight_designator,6E 1073,Airline10 21,
flight_designator,6E 1081,Airline10 03,
flight_designator,6E 1103,Airline10 18,
flight_designator,6E 1151,Airline10 16,
flight_designator,6E 1153,Airline10 02,
flight_designator,6E 1155,Airline10 08,
flight_designator,6E 1161,Airline10 22,
flight_designator,6E 1169,Airline10 13,
flight_designator,6E 1231,Airline10 17,
flight_designator,6E 1307,Airline10 23,
flight_designator,6E 1345,Airline10 31,
flight_designator,6E 1405,Airline10 10,
flight_designator,6E 1461,Airline10 12,
flight_designator,6E 1463,Airline10 14,
flight_designator,6E 1611,Airline10 04,
flight_designator,6E 1633,Airline10 01,
flight_designator,6E 1635,Airline10 24,
flight_designator,6E 1701,Airline10 30,
flight_designator,6E 1721,Airline10 28,
flight_designator,6E 1807,Airline10 09,
flight_designator,6E 1901,Airline10 25,
flight_designator,AA 293,Airline28 01,
flight_designator,AC 043,Airline51 01,
flight_designator,AF 283,Airline06 01,
flight_designator,AI 101,Airline37 34,
flight_designator,AI 111,Airline37 02,
flight_designator,AI 113,Airline37 09,
flight_designator,AI 137,Airline37 01,
flight_designator,AI 143,Airline37 04,
flight_designator,AI 151,Airline37 15,
flight_designator,AI 155,Airline37 22,
flight_designator,AI 157,Airline37 28,
flight_designator,AI 161,Airline37 31,
flight_designator,AI 173,Airline37 18,
flight_designator,AI 185,Airline37 30,
flight_designator,AI 187,Airline37 23,
flight_designator,AI 2017,Airline37 41,
flight_designator,AI 2025,Airline37 47,
flight_designator,AI 2029,Airline37 12,
flight_designator,AI 2115,Airline37 10,
flight_designator,AI 2118,Airline37 05,
flight_designator,AI 213,Airline37 36,
flight_designator,AI 2145,Airline37 24,
flight_designator,AI 2147,Airline37 08,
flight_designator,AI 215,Airline37 49,
flight_designator,AI 219,Airline37 37,
flight_designator,AI 223,Airline37 44,
flight_designator,AI 2243,Airline37 42,
flight_designator,AI 2255,Airline37 38,
flight_designator,AI 2283,Airline37 43,
flight_designator,AI 2304,Airline37 40,
flight_designator,AI 2332,Airline37 46,
flight_designator,AI 2336,Airline37 06,
flight_designator,AI 2355,Airline37 50,
flight_designator,AI 2362,Airline37 33,
flight_designator,AI 237,Airline37 35,
flight_designator,AI 2376,Airline37 25,
flight_designator,AI 2378,Airline37 17,
flight_designator,AI 2380,Airline37 03,
flight_designator,AI 2386,Airline37 19,
flight_designator,AI 2388,Airline37 27,
flight_designator,AI 2390,Airline37 11,
flight_designator,AI 277,Airline37 29,
flight_designator,AI 281,Airline37 07,
flight_designator,AI 302,Airline37 32,
flight_designator,AI 308,Airline37 26,
flight_designator,AI 312,Airline37 39,
flight_designator,AI 314,Airline37 14,
flight_designator,AI 358,Airline37 48,
flight_designator,AI 4209,Airline37 13,
flight_designator,AI 4305,Airline37 20,
flight_designator,AI 4307,Airline37 16,
flight_designator,AI 4309,Airline37 45,
flight_designator,AI 917,Airline37 21,
flight_designator,AY 122,Airline20 01,
flight_designator,AZ 769,Airline46 01,
flight_designator,B3 774,Airline50 01,
flight_designator,BA 142,Airline41 02,
flight_designator,BA 256,Airline41 01,
flight_designator,C6 558,Airline47 01,
flight_designator,CA 948,Airline03 01,
flight_designator,CX 694,Airline54 02,
flight_designator,CX 698,Airline54 01,
flight_designator,D7 183,Airline16 01,
flight_designator,EK 511,Airline43 01,
flight_designator,EK 513,Airline43 03,
flight_designator,EK 515,Airline43 02,
flight_designator,EK 517,Airline43 04,
flight_designator,ET 687,Airline01 02,
flight_designator,ET 689,Airline01 01,
flight_designator,EY 213,Airline15 02,
flight_designator,EY 215,Airline15 01,
flight_designator,EY 217,Airline15 04,
flight_designator,EY 219,Airline15 03,
flight_designator,FG 312,Airline32 01,
flight_designator,FZ 442,Airline08 01,
flight_designator,G9 464,Airline33 02,
flight_designator,G9 466,Airline33 01,
flight_designator,GF 131,Airline55 02,
flight_designator,GF 135,Airline55 01,
flight_designator,IA 444,Airline09 01,
flight_designator,IX 163,Airline45 01,
flight_designator,IX 173,Airline45 02,
flight_designator,IX 179,Airline45 03,
flight_designator,J2 058,Airline24 01,
flight_designator,J9 410,Airline22 01,
flight_designator,JL 030,Airline18 02,
flight_designator,JL 740,Airline18 01,
flight_designator,K9 1602,Airline30 01,
flight_designator,KB 201,Airline02 01,
flight_designator,KC 908,Airline23 02,
flight_designator,KC 964,Airline23 01,
flight_designator,KE 498,Airline29 01,
flight_designator,KL 872,Airline57 01,
flight_designator,KU 382,Airline34 02,
flight_designator,KU 384,Airline34 01,
flight_designator,LH 761,Airline11 01,
flight_designator,LH 763,Airline11 02,
flight_designator,LO 072,Airline14 01,
flight_designator,LX 147,Airline40 01,
flight_designator,LX 2647,Airline40 02,
flight_designator,MH 191,Airline04 01,
flight_designator,MS 974,Airline56 01,
flight_designator,MU 564,Airline25 01,
flight_designator,NH 838,Airline12 01,
flight_designator,OD 206,Airline44 01,
flight_designator,QR 571,Airline13 02,
flight_designator,QR 579,Airline13 01,
flight_designator,RA 218,Airline31 01,
flight_designator,RQ 4402,Airline36 01,
flight_designator,SG 5105,Airline48 02,
flight_designator,SG 5111,Airline48 01,
flight_designator,SQ 401,Airline52 01,
flight_designator,SQ 403,Airline52 02,
flight_designator,SQ 405,Airline52 03,
flight_designator,SU 233,Airline53 01,
flight_designator,SV 757,Airline17 02,
flight_designator,SV 9651,Airline17 01,
flight_designator,TG 316,Airline07 02,
flight_designator,TG 324,Airline07 01,
flight_designator,TG 332,Airline07 03,
flight_designator,TK 717,Airline49 01,
flight_designator,UA 083,Airline27 01,
flight_designator,UL 192,Airline21 02,
flight_designator,UL 196,Airline21 01,
flight_designator,VJ 972,Airline26 01,
flight_designator,VN 980,Airline35 01,
flight_designator,VS 301,Airline42 01,
flight_designator,VS 303,Airline42 02,
flight_designator,W5 070,Airline39 01,
flight_designator,WY 242,Airline38 02,
flight_designator,WY 246,Airline38 01,
flight_designator,XJ 231,Airline05 01,
flight_designator,XY 330,Airline19 01,
