No.,DATE,Airline code,Flight Designator,SOBT,Hour,Routing,Traffic Type,Public Terminal,GHA,Seats,Pax,D-4 Pax,D-3 Pax,D-2 Pax,D-4,D-3,D-2,Confidence
1,21-06-2026,AI,AI 173,00:05,0,DEL-CCU-SFO,INTERNATIONAL,Terminal 3,AISATS,288,230,69,92,69,20:05,21:05,22:05,high
2,21-06-2026,AI,AI 312,00:05,0,DEL-ICN,INTERNATIONAL,Terminal 3,AISATS,259,207,62,83,62,20:05,21:05,22:05,high
3,21-06-2026,VJ,VJ 972,00:05,0,DEL-HAN,INTERNATIONAL,Terminal 3,BFS,377,302,91,121,91,20:05,21:05,22:05,high
4,21-06-2026,AI,AI 187,00:10,0,DEL-VIE-YYZ,INTERNATIONAL,Terminal 3,AISATS,328,262,79,105,79,20:10,21:10,22:10,high
5,21-06-2026,AI,AI 161,00:30,0,DEL-LHR,INTERNATIONAL,Terminal 3,AISATS,316,253,76,101,76,20:30,21:30,22:30,high
6,21-06-2026,AI,AI 2336,00:30,0,DEL-BKK,INTERNATIONAL,Terminal 3,AISATS,164,131,39,52,39,20:30,21:30,22:30,high
7,21-06-2026,AI,AI 2118,00:40,0,DEL-SIN,INTERNATIONAL,Terminal 3,AISATS,188,150,45,60,45,20:40,21:40,22:40,high
8,21-06-2026,AF,AF 283,00:50,0,DEL-CDG,INTERNATIONAL,Terminal 3,AISATS,188,150,45,60,45,20:50,21:50,22:50,high
9,21-06-2026,AI,AI 302,00:55,0,DEL-SYD,INTERNATIONAL,Terminal 3,BFS,328,262,79,105,79,20:55,21:55,22:55,high
10,21-06-2026,AI,AI 277,01:00,1,DEL-CMB,INTERNATIONAL,Terminal 3,AISATS,259,207,62,83,62,21:00,22:00,23:00,high
11,21-06-2026,LX,LX 147,01:05,1,DEL-ZRH,INTERNATIONAL,Terminal 3,AISATS,182,146,44,58,44,21:05,22:05,23:05,high
12,21-06-2026,CX,CX 694,01:10,1,DEL-HKG,INTERNATIONAL,Terminal 3,BFS,236,189,57,76,57,21:10,22:10,23:10,high
13,21-06-2026,KC,KC 964,01:10,1,DEL-ALA,INTERNATIONAL,Terminal 3,AISATS,280,224,67,90,67,21:10,22:10,23:10,high
14,21-06-2026,AI,AI 308,01:15,1,DEL-MEL,INTERNATIONAL,Terminal 3,AISATS,179,143,43,57,43,21:15,22:15,23:15,high
15,21-06-2026,AI,AI 2390,01:20,1,DEL-HAN,INTERNATIONAL,Terminal 3,AISATS,259,207,62,83,62,21:20,22:20,23:20,high
16,21-06-2026,AI,AI 2378,01:25,1,DEL-HKT,INTERNATIONAL,Terminal 3,AISATS,164,131,39,52,39,21:25,22:25,23:25,high
17,21-06-2026,BA,BA 142,01:35,1,DEL-LHR,INTERNATIONAL,Terminal 3,Ramp 360,272,218,65,87,65,21:35,22:35,23:35,high
18,21-06-2026,LX,LX 2647,01:40,1,DEL-ZRH,INTERNATIONAL,Terminal 3,BFS,235,188,56,75,56,21:40,22:40,23:40,high
19,21-06-2026,LH,LH 763,01:45,1,DEL-MUC,INTERNATIONAL,Terminal 3,BFS,509,407,122,163,122,21:45,22:45,23:45,high
20,21-06-2026,AI,AI 4307,02:00,2,DEL-DXB,INTERNATIONAL,Terminal 3,AISATS,259,207,62,83,62,22:00,23:00,00:00,high
21,21-06-2026,VS,VS 303,02:05,2,DEL-LHR,INTERNATIONAL,Terminal 3,AISATS,397,318,95,127,95,22:05,23:05,00:05,high
22,21-06-2026,ET,ET 687,02:30,2,DEL-ADD,INTERNATIONAL,Terminal 3,BFS,315,252,76,101,76,22:30,23:30,00:30,high
23,21-06-2026,6E,6E 033,02:40,2,DEL-MAN,INTERNATIONAL,Terminal 3,Ramp 360,318,254,76,102,76,22:40,23:40,00:40,high
24,21-06-2026,LH,LH 761,02:50,2,DEL-FRA,INTERNATIONAL,Terminal 3,IndiGo,287,230,69,92,69,22:50,23:50,00:50,high
25,21-06-2026,AI,AI 2147,02:55,2,DEL-DPS,INTERNATIONAL,Terminal 3,BFS,188,150,45,60,45,22:55,23:55,00:55,high
26,21-06-2026,AZ,AZ 769,03:00,3,DEL-FCO,INTERNATIONAL,Terminal 3,AISATS,188,150,45,60,45,23:00,00:00,01:00,high
27,21-06-2026,KU,KU 382,03:00,3,DEL-KWI,INTERNATIONAL,Terminal 3,BFS,235,188,56,75,56,23:00,00:00,01:00,high
28,21-06-2026,AI,AI 2025,03:05,3,DEL-FRA,INTERNATIONAL,Terminal 3,AISATS,299,239,72,96,72,23:05,00:05,01:05,high
29,21-06-2026,TG,TG 332,03:20,3,DEL-BKK,INTERNATIONAL,Terminal 3,BFS,321,257,77,103,77,23:20,00:20,01:20,high
30,21-06-2026,QR,QR 579,03:25,3,DEL-DOH,INTERNATIONAL,Terminal 3,Ramp 360,283,226,68,90,68,23:25,00:25,01:25,high
31,21-06-2026,AI,AI 2115,03:35,3,DEL-SIN,INTERNATIONAL,Terminal 3,AISATS,188,150,45,60,45,23:35,00:35,01:35,high
32,21-06-2026,AI,AI 185,03:55,3,DEL-YVR,INTERNATIONAL,Terminal 3,AISATS,342,274,82,110,82,23:55,00:55,01:55,high
33,21-06-2026,KL,KL 872,03:55,3,DEL-AMS,INTERNATIONAL,Terminal 3,BFS,318,254,76,102,76,23:55,00:55,01:55,high
34,21-06-2026,FZ,FZ 442,04:10,4,DEL-DXB,INTERNATIONAL,Terminal 3,AISATS,174,139,42,56,42,00:10,01:10,02:10,high
35,21-06-2026,XY,XY 330,04:15,4,DEL-RUH,INTERNATIONAL,Terminal 3,AISATS,174,139,42,56,42,00:15,01:15,02:15,high
36,21-06-2026,6E,6E 1635,04:20,4,DEL-SGN,INTERNATIONAL,Terminal 3,IndiGo,186,149,45,60,45,00:20,01:20,02:20,high
37,21-06-2026,EK,EK 513,04:25,4,DEL-DXB,INTERNATIONAL,Terminal 3,AISATS,360,288,86,115,86,00:25,01:25,02:25,high
38,21-06-2026,AI,AI 215,04:30,4,DEL-KTM,INTERNATIONAL,Terminal 3,AISATS,150,120,36,48,36,00:30,01:30,02:30,high
39,21-06-2026,AI,AI 111,04:35,4,DEL-LHR,INTERNATIONAL,Terminal 3,AISATS,299,239,72,96,72,00:35,01:35,02:35,high
40,21-06-2026,JL,JL 740,04:35,4,DEL-NRT,INTERNATIONAL,Terminal 3,BFS,206,165,50,66,50,00:35,01:35,02:35,high
41,21-06-2026,G9,G9 464,04:40,4,DEL-SHJ,INTERNATIONAL,Terminal 3,BFS,168,134,40,54,40,00:40,01:40,02:40,high
42,21-06-2026,EY,EY 219,04:50,4,DEL-AUH,INTERNATIONAL,Terminal 3,AISATS,370,296,89,118,89,00:50,01:50,02:50,high
43,21-06-2026,GF,GF 131,04:55,4,DEL-BAH,INTERNATIONAL,Terminal 3,AISATS,166,133,40,53,40,00:55,01:55,02:55,high
44,21-06-2026,6E,6E 1633,05:00,5,DEL-HAN,INTERNATIONAL,Terminal 3,IndiGo,232,186,56,74,56,01:00,02:00,03:00,high
45,21-06-2026,AI,AI 4305,05:05,5,DEL-DXB,INTERNATIONAL,Terminal 3,AISATS,164,131,39,52,39,01:05,02:05,03:05,high
46,21-06-2026,J2,J2 058,05:10,5,DEL-GYD,INTERNATIONAL,Terminal 3,Ramp 360,186,149,45,60,45,01:10,02:10,03:10,high
47,21-06-2026,6E,6E 1073,05:10,5,DEL-HKT,INTERNATIONAL,Terminal 3,IndiGo,232,186,56,74,56,01:10,02:10,03:10,high
48,21-06-2026,UL,UL 192,05:15,5,DEL-CMB,INTERNATIONAL,Terminal 3,BFS,200,160,48,64,48,01:15,02:15,03:15,high
49,21-06-2026,KU,KU 384,06:05,6,DEL-KWI,INTERNATIONAL,Terminal 3,BFS,235,188,56,75,56,02:05,03:05,04:05,high
50,21-06-2026,6E,6E 1721,06:15,6,DEL-HKG,INTERNATIONAL,Terminal 3,IndiGo,186,149,45,60,45,02:15,03:15,04:15,high
51,21-06-2026,TK,TK 717,06:30,6,DEL-IST,INTERNATIONAL,Terminal 3,Ramp 360,400,320,96,128,96,02:30,03:30,04:30,high
52,21-06-2026,6E,6E 1611,06:40,6,DEL-BBI-DPS,INTERNATIONAL,Terminal 3,IndiGo,186,149,45,60,45,02:40,03:40,04:40,high
53,21-06-2026,6E,6E 1063,06:50,6,DEL-BKK,INTERNATIONAL,Terminal 3,IndiGo,220,176,53,70,53,02:50,03:50,04:50,high
54,21-06-2026,6E,6E 1069,06:50,6,DEL-KBV,INTERNATIONAL,Terminal 3,IndiGo,186,149,45,60,45,02:50,03:50,04:50,high
55,21-06-2026,AI,AI 213,07:00,7,DEL-KTM,INTERNATIONAL,Terminal 3,AISATS,186,149,45,60,45,03:00,04:00,05:00,high
56,21-06-2026,6E,6E 1901,07:30,7,DEL-ATH,INTERNATIONAL,Terminal 3,AISATS,150,120,36,48,36,03:30,04:30,05:30,high
57,21-06-2026,AY,AY 122,07:40,7,DEL-HEL,INTERNATIONAL,Terminal 3,IndiGo,195,156,47,62,47,03:40,04:40,05:40,high
58,21-06-2026,6E,6E 011,07:45,7,DEL-IST,INTERNATIONAL,Terminal 3,BFS,279,223,67,89,67,03:45,04:45,05:45,high
59,21-06-2026,J9,J9 410,07:45,7,DEL-KWI,INTERNATIONAL,Terminal 3,IndiGo,195,156,47,62,47,03:45,04:45,05:45,high
60,21-06-2026,SG,SG 5111,07:45,7,DEL-DXB,INTERNATIONAL,Terminal 3,Ramp 360,174,139,42,56,42,03:45,04:45,05:45,high
61,21-06-2026,SU,SU 233,07:50,7,DEL-SVO,INTERNATIONAL,Terminal 3,BFS,189,151,45,60,45,03:50,04:50,05:50,high
62,21-06-2026,6E,6E 1151,08:00,8,DEL-KTM,INTERNATIONAL,Terminal 3,IndiGo,,,,,,04:00,05:00,06:00,recovered (seats unreadable - glare)
63,21-06-2026,LO,LO 072,08:00,8,DEL-WAW,INTERNATIONAL,Terminal 3,IndiGo,186,149,45,60,45,04:00,05:00,06:00,low-glare
64,21-06-2026,AI,AI 2355,08:25,8,DEL-BKK,INTERNATIONAL,Terminal 3,AISATS,252,202,61,81,61,04:25,05:25,06:25,low-glare
65,21-06-2026,IX,IX 179,08:25,8,DEL-AUH,INTERNATIONAL,Terminal 3,AISATS,164,131,39,52,39,04:25,05:25,06:25,low-glare
66,21-06-2026,6E,6E 1461,08:35,8,DEL-DXB,INTERNATIONAL,Terminal 3,IndiGo,180,144,43,58,43,04:35,05:35,06:35,low-glare
67,21-06-2026,WY,WY 242,08:55,8,DEL-MCT,INTERNATIONAL,Terminal 3,AISATS,180,144,43,58,43,04:55,05:55,06:55,low-glare
68,21-06-2026,SQ,SQ 401,09:00,9,DEL-SIN,INTERNATIONAL,Terminal 3,AISATS,162,130,39,52,39,05:00,06:00,07:00,low-glare
69,21-06-2026,6E,6E 1013,09:05,9,DEL-SIN,INTERNATIONAL,Terminal 3,IndiGo,337,270,81,108,81,05:05,06:05,07:05,low-glare
70,21-06-2026,EY,EY 213,09:25,9,DEL-AUH,INTERNATIONAL,Terminal 3,IndiGo,222,178,53,71,53,05:25,06:25,07:25,low-glare
71,21-06-2026,W5,W5 070,09:30,9,DEL-IKA,INTERNATIONAL,Terminal 3,AISATS,158,126,38,50,38,05:30,06:30,07:30,low-glare
72,21-06-2026,ET,ET 689,09:35,9,DEL-ADD,INTERNATIONAL,Terminal 3,AISATS,308,246,74,98,74,05:35,06:35,07:35,low-glare
73,21-06-2026,AI,AI 917,09:50,9,DEL-DXB,INTERNATIONAL,Terminal 3,Ramp 360,315,252,76,101,76,05:50,06:50,07:50,low-glare
74,21-06-2026,BA,BA 256,10:05,10,DEL-LHR,INTERNATIONAL,Terminal 3,AISATS,164,131,39,52,39,06:05,07:05,08:05,low-glare
75,21-06-2026,QR,QR 571,10:25,10,DEL-DOH,INTERNATIONAL,Terminal 3,Ramp 360,204,163,49,65,49,06:25,07:25,08:25,low-glare
76,21-06-2026,AI,AI 4209,10:35,10,DEL-DXB,INTERNATIONAL,Terminal 3,Ramp 360,254,203,61,81,61,06:35,07:35,08:35,low-glare
77,21-06-2026,AI,AI 143,10:45,10,DEL-CDG,INTERNATIONAL,Terminal 3,AISATS,,,,,,06:45,07:45,08:45,recovered (seats unreadable - glare)
78,21-06-2026,AI,AI 113,10:50,10,DEL-BHX,INTERNATIONAL,Terminal 3,AISATS,259,207,62,83,62,06:50,07:50,08:50,low-glare
79,21-06-2026,6E,6E 003,10:50,10,DEL-LHR,INTERNATIONAL,Terminal 3,AISATS,259,207,62,83,62,06:50,07:50,08:50,low-glare
80,21-06-2026,B3,B3 774,10:55,10,DEL-KTM-PBH,INTERNATIONAL,Terminal 3,BFS,,,,,,06:55,07:55,08:55,recovered (seats unreadable - glare)
81,21-06-2026,K9,K9 1602,10:55,10,DEL-BSZ,INTERNATIONAL,Terminal 3,IndiGo,338,270,81,108,81,06:55,07:55,08:55,low-glare
82,21-06-2026,AI,AI 2332,11:00,11,DEL-BKK,INTERNATIONAL,Terminal 3,BFS,126,101,30,40,30,07:00,08:00,09:00,low-glare
83,21-06-2026,EK,EK 511,11:00,11,DEL-DXB,INTERNATIONAL,Terminal 3,AISATS,164,131,39,52,39,07:00,08:00,09:00,low-glare
84,21-06-2026,AI,AI 237,11:10,11,DEL-DAC,INTERNATIONAL,Terminal 3,AISATS,164,131,39,52,39,07:10,08:10,09:10,low-glare
85,21-06-2026,6E,6E 1153,11:10,11,DEL-KTM,INTERNATIONAL,Terminal 3,AISATS,360,288,86,115,86,07:10,08:10,09:10,low-glare
86,21-06-2026,VS,VS 301,11:10,11,DEL-LHR,INTERNATIONAL,Terminal 3,IndiGo,360,288,86,115,86,07:10,08:10,09:10,low-glare
87,21-06-2026,AI,AI 155,11:15,11,DEL-AMS,INTERNATIONAL,Terminal 3,BFS,397,318,95,127,95,07:15,08:15,09:15,low-glare
88,21-06-2026,SV,SV 757,11:25,11,DEL-JED,INTERNATIONAL,Terminal 3,AISATS,259,207,62,83,62,07:25,08:25,09:25,low-glare
89,21-06-2026,KC,KC 908,11:25,11,DEL-ALA,INTERNATIONAL,Terminal 3,AISATS,445,356,107,142,107,07:25,08:25,09:25,low-glare
90,21-06-2026,TG,TG 324,11:40,11,DEL-BKK,INTERNATIONAL,Terminal 3,BFS,264,211,63,84,63,07:40,08:40,09:40,high
91,21-06-2026,MS,MS 974,12:00,12,DEL-CAI,INTERNATIONAL,Terminal 3,BFS,142,114,34,46,34,08:00,09:00,10:00,high
92,21-06-2026,AI,AI 2017,12:05,12,DEL-LHR,INTERNATIONAL,Terminal 3,AISATS,316,253,76,101,76,08:05,09:05,10:05,high
93,21-06-2026,C6,C6 558,12:10,12,DEL-TAS,INTERNATIONAL,Terminal 3,AISATS,180,144,43,58,43,08:10,09:10,10:10,high
94,21-06-2026,AI,AI 151,12:15,12,DEL-ZRH,INTERNATIONAL,Terminal 3,AISATS,259,207,62,83,62,08:15,09:15,10:15,high
95,21-06-2026,AI,AI 157,12:15,12,DEL-CPH,INTERNATIONAL,Terminal 3,AISATS,256,205,62,82,62,08:15,09:15,10:15,high
96,21-06-2026,AI,AI 2029,12:20,12,DEL-FRA,INTERNATIONAL,Terminal 3,AISATS,259,207,62,83,62,08:20,09:20,10:20,high
97,21-06-2026,AI,AI 2362,12:25,12,DEL-MNL,INTERNATIONAL,Terminal 3,AISATS,188,150,45,60,45,08:25,09:25,10:25,high
98,21-06-2026,KB,KB 201,12:30,12,DEL-PBH,INTERNATIONAL,Terminal 3,BFS,118,94,28,38,28,08:30,09:30,10:30,high
99,21-06-2026,6E,6E 1103,12:35,12,DEL-DAC,INTERNATIONAL,Terminal 3,IndiGo,232,186,56,74,56,08:35,09:35,10:35,high
100,21-06-2026,AI,AI 281,12:40,12,DEL-CMB,INTERNATIONAL,Terminal 3,AISATS,182,146,44,58,44,08:40,09:40,10:40,high
101,21-06-2026,AI,AI 137,12:50,12,DEL-MXP,INTERNATIONAL,Terminal 3,AISATS,259,207,62,83,62,08:50,09:50,10:50,high
102,21-06-2026,AI,AI 2388,13:10,13,DEL-SGN,INTERNATIONAL,Terminal 3,AISATS,164,131,39,52,39,09:10,10:10,11:10,high
103,21-06-2026,AI,AI 2376,13:25,13,DEL-HKT,INTERNATIONAL,Terminal 3,AISATS,164,131,39,52,39,09:25,10:25,11:25,high
104,21-06-2026,6E,6E 1155,13:40,13,DEL-KTM,INTERNATIONAL,Terminal 3,IndiGo,186,149,45,60,45,09:40,10:40,11:40,high
105,21-06-2026,AI,AI 2243,13:45,13,DEL-RUH,INTERNATIONAL,Terminal 3,AISATS,162,130,39,52,39,09:45,10:45,11:45,high
106,21-06-2026,SQ,SQ 405,14:20,14,DEL-SIN,INTERNATIONAL,Terminal 3,AISATS,388,310,93,124,93,10:20,11:20,12:20,high
107,21-06-2026,AI,AI 219,14:25,14,DEL-KTM,INTERNATIONAL,Terminal 3,AISATS,150,120,36,48,36,10:25,11:25,12:25,high
108,21-06-2026,6E,6E 1807,14:25,14,DEL-TBS,INTERNATIONAL,Terminal 3,IndiGo,186,149,45,60,45,10:25,11:25,12:25,high
109,21-06-2026,AI,AI 2304,14:30,14,DEL-BKK,INTERNATIONAL,Terminal 3,AISATS,164,131,39,52,39,10:30,11:30,12:30,high
110,21-06-2026,FG,FG 312,15:00,15,DEL-KBL,INTERNATIONAL,Terminal 3,BFS,230,184,55,74,55,11:00,12:00,13:00,high
111,21-06-2026,RQ,RQ 4402,15:10,15,DEL-KBL,INTERNATIONAL,Terminal 3,AISATS,346,277,83,111,83,11:10,12:10,13:10,high
112,21-06-2026,AI,AI 4309,15:15,15,DEL-DXB,INTERNATIONAL,Terminal 3,AISATS,259,207,62,83,62,11:15,12:15,13:15,high
113,21-06-2026,6E,6E 1081,15:40,15,DEL-HKT,INTERNATIONAL,Terminal 3,IndiGo,259,207,62,83,62,11:40,12:40,13:40,high
114,21-06-2026,6E,6E 1053,15:45,15,DEL-BKK,INTERNATIONAL,Terminal 3,IndiGo,186,149,45,60,45,11:45,12:45,13:45,high
115,21-06-2026,EY,EY 215,15:55,15,DEL-AUH,INTERNATIONAL,Terminal 3,AISATS,220,176,53,70,53,11:55,12:55,13:55,high
116,21-06-2026,6E,6E 1345,15:55,15,DEL-DOH,INTERNATIONAL,Terminal 3,AISATS,158,126,38,50,38,11:55,12:55,13:55,high
117,21-06-2026,WY,WY 246,16:00,16,DEL-MCT,INTERNATIONAL,Terminal 3,IndiGo,236,189,57,76,57,12:00,13:00,14:00,high
118,21-06-2026,RA,RA 218,16:20,16,DEL-KTM,INTERNATIONAL,Terminal 3,BFS,162,130,39,52,39,12:20,13:20,14:20,high
119,21-06-2026,EK,EK 517,16:25,16,DEL-DXB,INTERNATIONAL,Terminal 3,BFS,274,219,66,88,66,12:25,13:25,14:25,high
120,21-06-2026,IA,IA 444,16:30,16,DEL-BGW,INTERNATIONAL,Terminal 3,AISATS,360,288,86,115,86,12:30,13:30,14:30,high
121,21-06-2026,AI,AI 2255,17:25,17,DEL-JED,INTERNATIONAL,Terminal 3,AISATS,362,290,87,116,87,13:25,14:25,15:25,high
122,21-06-2026,6E,6E 1161,17:50,17,DEL-KTM,INTERNATIONAL,Terminal 3,IndiGo,164,131,39,52,39,13:50,14:50,15:50,high
123,21-06-2026,B4,B4 443,17:55,17,DEL-MLE,INTERNATIONAL,Terminal 3,IndiGo,186,149,45,60,45,13:55,14:55,15:55,high
124,21-06-2026,NH,NH 838,18:00,18,DEL-HND,INTERNATIONAL,Terminal 3,AISATS,246,197,59,79,59,14:00,15:00,16:00,high
125,21-06-2026,AI,AI 358,18:10,18,DEL-HND,INTERNATIONAL,Terminal 3,AISATS,246,197,59,79,59,14:10,15:10,16:10,high
126,21-06-2026,IX,IX 163,18:25,18,DEL-MCT,INTERNATIONAL,Terminal 3,AISATS,180,144,43,58,43,14:25,15:25,16:25,high
127,21-06-2026,6E,6E 1169,18:25,18,DEL-CMB,INTERNATIONAL,Terminal 3,IndiGo,186,149,45,60,45,14:25,15:25,16:25,high
128,21-06-2026,G9,G9 466,18:35,18,DEL-SHJ,INTERNATIONAL,Terminal 3,BFS,168,134,40,54,40,14:35,15:35,16:35,high
129,21-06-2026,AI,AI 2283,18:40,18,DEL-DOH,INTERNATIONAL,Terminal 3,AISATS,164,131,39,52,39,14:40,15:40,16:40,high
130,21-06-2026,UL,UL 196,18:45,18,DEL-CMB,INTERNATIONAL,Terminal 3,BFS,188,150,45,60,45,14:45,15:45,16:45,high
131,21-06-2026,SG,SG 5105,18:45,18,DEL-DXB,INTERNATIONAL,Terminal 3,BFS,189,151,45,60,45,14:45,15:45,16:45,high
132,21-06-2026,KE,KE 498,18:50,18,DEL-ICN,INTERNATIONAL,Terminal 3,BFS,278,222,67,89,67,14:50,15:50,16:50,high
133,21-06-2026,JL,JL 030,19:05,19,DEL-HND,INTERNATIONAL,Terminal 3,BFS,239,191,57,76,57,15:05,16:05,17:05,high
134,21-06-2026,6E,6E 1463,19:10,19,DEL-DXB,INTERNATIONAL,Terminal 3,IndiGo,220,176,53,70,53,15:10,16:10,17:10,high
135,21-06-2026,SV,SV 9651,19:50,19,DEL-MED,INTERNATIONAL,Terminal 3,AISATS,326,261,78,104,78,15:50,16:50,17:50,high
136,21-06-2026,MU,MU 564,19:55,19,DEL-PVG,INTERNATIONAL,Terminal 3,BFS,262,210,63,84,63,15:55,16:55,17:55,high
137,21-06-2026,6E,6E 1231,20:15,20,DEL-KWI,INTERNATIONAL,Terminal 3,IndiGo,186,149,45,60,45,16:15,17:15,18:15,high
138,21-06-2026,6E,6E 1701,20:20,20,DEL-CAN,INTERNATIONAL,Terminal 3,IndiGo,186,149,45,60,45,16:20,17:20,18:20,high
139,21-06-2026,AI,AI 2145,20:50,20,DEL-DPS,INTERNATIONAL,Terminal 3,AISATS,188,150,45,60,45,16:50,17:50,18:50,high
140,21-06-2026,6E,6E 1083,20:55,20,DEL-DMM,INTERNATIONAL,Terminal 3,IndiGo,232,186,56,74,56,16:55,17:55,18:55,high
141,21-06-2026,XJ,XJ 231,20:55,20,DEL-DMK,INTERNATIONAL,Terminal 3,BFS,377,302,91,121,91,16:55,17:55,18:55,high
142,21-06-2026,6E,6E 1405,21:00,21,DEL-AUH,INTERNATIONAL,Terminal 3,IndiGo,232,186,56,74,56,17:00,18:00,19:00,high
143,21-06-2026,AI,AI 223,21:15,21,DEL-KTM,INTERNATIONAL,Terminal 3,AISATS,150,120,36,48,36,17:15,18:15,19:15,high
144,21-06-2026,EY,EY 217,21:15,21,DEL-AUH,INTERNATIONAL,Terminal 3,AISATS,327,262,79,105,79,17:15,18:15,19:15,recovered
145,21-06-2026,IX,IX 173,21:20,21,DEL-DMM,INTERNATIONAL,Terminal 3,AISATS,327,262,79,105,79,17:20,18:20,19:20,high
146,21-06-2026,6E,6E 1307,21:30,21,DEL-DOH,INTERNATIONAL,Terminal 3,IndiGo,180,144,43,58,43,17:30,18:30,19:30,high
147,21-06-2026,AI,AI 2386,21:40,21,DEL-KUL,INTERNATIONAL,Terminal 3,AISATS,186,149,45,60,45,17:40,18:40,19:40,high
148,21-06-2026,AI,AI 101,21:45,21,DEL-FCO-JFK,INTERNATIONAL,Terminal 3,AISATS,164,131,39,52,39,17:45,18:45,19:45,high
149,21-06-2026,GF,GF 135,21:50,21,DEL-BAH,INTERNATIONAL,Terminal 3,AISATS,316,253,76,101,76,17:50,18:50,19:50,high
150,21-06-2026,SQ,SQ 403,21:55,21,DEL-SIN,INTERNATIONAL,Terminal 3,BFS,150,120,36,48,36,17:55,18:55,19:55,high
151,21-06-2026,6E,6E 063,22:00,22,DEL-JED,INTERNATIONAL,Terminal 3,AISATS,471,377,113,151,113,18:00,19:00,20:00,high
152,21-06-2026,6E,6E 071,22:00,22,DEL-RUH,INTERNATIONAL,Terminal 3,IndiGo,186,149,45,60,45,18:00,19:00,20:00,high
153,21-06-2026,OD,OD 206,22:05,22,DEL-KUL,INTERNATIONAL,Terminal 3,IndiGo,186,149,45,60,45,18:05,19:05,20:05,high
154,21-06-2026,EK,EK 515,22:05,22,DEL-DXB,INTERNATIONAL,Terminal 3,AISATS,189,151,45,60,45,18:05,19:05,20:05,high
155,21-06-2026,AI,AI 314,22:10,22,DEL-HKG,INTERNATIONAL,Terminal 3,AISATS,360,288,86,115,86,18:10,19:10,20:10,high
156,21-06-2026,CX,CX 698,22:45,22,DEL-HKG,INTERNATIONAL,Terminal 3,AISATS,188,150,45,60,45,18:45,19:45,20:45,high
157,21-06-2026,AC,AC 043,22:50,22,DEL-YYZ,INTERNATIONAL,Terminal 3,AISATS,368,294,88,118,88,18:50,19:50,20:50,high
158,21-06-2026,CA,CA 948,22:50,22,DEL-PEK,INTERNATIONAL,Terminal 3,BFS,300,240,72,96,72,18:50,19:50,20:50,high
159,21-06-2026,AI,AI 2380,23:00,23,DEL-SIN,INTERNATIONAL,Terminal 3,AISATS,301,241,72,96,72,19:00,20:00,21:00,high
160,21-06-2026,MH,MH 191,23:00,23,DEL-KUL,INTERNATIONAL,Terminal 3,AISATS,188,150,45,60,45,19:00,20:00,21:00,high
161,21-06-2026,D7,D7 183,23:20,23,DEL-KUL,INTERNATIONAL,Terminal 3,AISATS,290,232,70,93,70,19:20,20:20,21:20,high
162,21-06-2026,AA,AA 293,23:30,23,DEL-JFK,INTERNATIONAL,Terminal 3,BFS,377,302,91,121,91,19:30,20:30,21:30,high
163,21-06-2026,TG,TG 316,23:30,23,DEL-BKK,INTERNATIONAL,Terminal 3,AISATS,285,228,68,91,68,19:30,20:30,21:30,high
164,21-06-2026,VN,VN 980,23:35,23,DEL-HAN,INTERNATIONAL,Terminal 3,BFS,298,238,71,95,71,19:35,20:35,21:35,high
165,21-06-2026,UA,UA 083,23:35,23,DEL-EWR,INTERNATIONAL,Terminal 3,AISATS,305,244,73,98,73,19:35,20:35,21:35,high
