file,model,kind,view,ymax
N1__curves.Rmd,N1,norm,curves,600
N1__curves_col.Rmd,N1,norm,curves_col,600
N1__comp.Rmd,N1,norm,comp,600
N1__comp_col.Rmd,N1,norm,comp_col,600
N1__stk_air.Rmd,N1,norm,stk_air,800
N1__stk_air_col.Rmd,N1,norm,stk_air_col,800
N1__stk_gha.Rmd,N1,norm,stk_gha,800
N1__stk_gha_col.Rmd,N1,norm,stk_gha_col,800
N2__curves.Rmd,N2,norm,curves,600
N2__curves_col.Rmd,N2,norm,curves_col,600
N2__comp.Rmd,N2,norm,comp,600
N2__comp_col.Rmd,N2,norm,comp_col,600
N2__stk_air.Rmd,N2,norm,stk_air,800
N2__stk_air_col.Rmd,N2,norm,stk_air_col,800
N2__stk_gha.Rmd,N2,norm,stk_gha,800
N2__stk_gha_col.Rmd,N2,norm,stk_gha_col,800
N3__curves.Rmd,N3,norm,curves,600
N3__curves_col.Rmd,N3,norm,curves_col,600
N3__comp.Rmd,N3,norm,comp,600
N3__comp_col.Rmd,N3,norm,comp_col,600
N3__stk_air.Rmd,N3,norm,stk_air,800
N3__stk_air_col.Rmd,N3,norm,stk_air_col,800
N3__stk_gha.Rmd,N3,norm,stk_gha,800
N3__stk_gha_col.Rmd,N3,norm,stk_gha_col,800
N4__curves.Rmd,N4,norm,curves,600
N4__curves_col.Rmd,N4,norm,curves_col,600
N4__comp.Rmd,N4,norm,comp,600
N4__comp_col.Rmd,N4,norm,comp_col,600
N4__stk_air.Rmd,N4,norm,stk_air,800
N4__stk_air_col.Rmd,N4,norm,stk_air_col,800
N4__stk_gha.Rmd,N4,norm,stk_gha,800
N4__stk_gha_col.Rmd,N4,norm,stk_gha_col,800
N5__curves.Rmd,N5,norm,curves,600
N5__curves_col.Rmd,N5,norm,curves_col,600
N5__comp.Rmd,N5,norm,comp,600
N5__comp_col.Rmd,N5,norm,comp_col,600
N5__stk_air.Rmd,N5,norm,stk_air,800
N5__stk_air_col.Rmd,N5,norm,stk_air_col,800
N5__stk_gha.Rmd,N5,norm,stk_gha,800
N5__stk_gha_col.Rmd,N5,norm,stk_gha_col,800
N6__curves.Rmd,N6,norm,curves,600
N6__curves_col.Rmd,N6,norm,curves_col,600
N6__comp.Rmd,N6,norm,comp,600
N6__comp_col.Rmd,N6,norm,comp_col,600
N6__stk_air.Rmd,N6,norm,stk_air,800
N6__stk_air_col.Rmd,N6,norm,stk_air_col,800
N6__stk_gha.Rmd,N6,norm,stk_gha,800
N6__stk_gha_col.Rmd,N6,norm,stk_gha_col,800
N7__curves.Rmd,N7,norm,curves,600
N7__curves_col.Rmd,N7,norm,curves_col,600
N7__comp.Rmd,N7,norm,comp,600
N7__comp_col.Rmd,N7,norm,comp_col,600
N7__stk_air.Rmd,N7,norm,stk_air,800
N7__stk_air_col.Rmd,N7,norm,stk_air_col,800
N7__stk_gha.Rmd,N7,norm,stk_gha,800
N7__stk_gha_col.Rmd,N7,norm,stk_gha_col,800
N8__curves.Rmd,N8,norm,curves,600
N8__curves_col.Rmd,N8,norm,curves_col,600
N8__comp.Rmd,N8,norm,comp,600
N8__comp_col.Rmd,N8,norm,comp_col,600
N8__stk_air.Rmd,N8,norm,stk_air,800
N8__stk_air_col.Rmd,N8,norm,stk_air_col,800
N8__stk_gha.Rmd,N8,norm,stk_gha,800
N8__stk_gha_col.Rmd,N8,norm,stk_gha_col,800
N9__curves.Rmd,N9,norm,curves,600
N9__curves_col.Rmd,N9,norm,curves_col,600
N9__comp.Rmd,N9,norm,comp,600
N9__comp_col.Rmd,N9,norm,comp_col,600
N9__stk_air.Rmd,N9,norm,stk_air,800
N9__stk_air_col.Rmd,N9,norm,stk_air_col,800
N9__stk_gha.Rmd,N9,norm,stk_gha,800
N9__stk_gha_col.Rmd,N9,norm,stk_gha_col,800
N10__curves.Rmd,N10,norm,curves,600
N10__curves_col.Rmd,N10,norm,curves_col,600
N10__comp.Rmd,N10,norm,comp,600
N10__comp_col.Rmd,N10,norm,comp_col,600
N10__stk_air.Rmd,N10,norm,stk_air,800
N10__stk_air_col.Rmd,N10,norm,stk_air_col,800
N10__stk_gha.Rmd,N10,norm,stk_gha,800
N10__stk_gha_col.Rmd,N10,norm,stk_gha_col,800
N11__curves.Rmd,N11,norm,curves,600
N11__curves_col.Rmd,N11,norm,curves_col,600
N11__comp.Rmd,N11,norm,comp,600
N11__comp_col.Rmd,N11,norm,comp_col,600
N11__stk_air.Rmd,N11,norm,stk_air,800
N11__stk_air_col.Rmd,N11,norm,stk_air_col,800
N11__stk_gha.Rmd,N11,norm,stk_gha,800
N11__stk_gha_col.Rmd,N11,norm,stk_gha_col,800
N12__curves.Rmd,N12,norm,curves,600
N12__curves_col.Rmd,N12,norm,curves_col,600
N12__comp.Rmd,N12,norm,comp,600
N12__comp_col.Rmd,N12,norm,comp_col,600
N12__stk_air.Rmd,N12,norm,stk_air,800
N12__stk_air_col.Rmd,N12,norm,stk_air_col,800
N12__stk_gha.Rmd,N12,norm,stk_gha,800
N12__stk_gha_col.Rmd,N12,norm,stk_gha_col,800
N13__curves.Rmd,N13,norm,curves,600
N13__curves_col.Rmd,N13,norm,curves_col,600
N13__comp.Rmd,N13,norm,comp,600
N13__comp_col.Rmd,N13,norm,comp_col,600
N13__stk_air.Rmd,N13,norm,stk_air,800
N13__stk_air_col.Rmd,N13,norm,stk_air_col,800
N13__stk_gha.Rmd,N13,norm,stk_gha,800
N13__stk_gha_col.Rmd,N13,norm,stk_gha_col,800
U1__curves.Rmd,U1,unif,curves,600
U1__curves_col.Rmd,U1,unif,curves_col,600
U1__comp.Rmd,U1,unif,comp,600
U1__comp_col.Rmd,U1,unif,comp_col,600
U1__stk_air.Rmd,U1,unif,stk_air,800
U1__stk_air_col.Rmd,U1,unif,stk_air_col,800
U1__stk_gha.Rmd,U1,unif,stk_gha,800
U1__stk_gha_col.Rmd,U1,unif,stk_gha_col,800
EG0__curves.Rmd,EG0,expg,curves,600
EG0__curves_col.Rmd,EG0,expg,curves_col,600
EG0__comp.Rmd,EG0,expg,comp,600
EG0__comp_col.Rmd,EG0,expg,comp_col,600
EG0__stk_air.Rmd,EG0,expg,stk_air,800
EG0__stk_air_col.Rmd,EG0,expg,stk_air_col,800
EG0__stk_gha.Rmd,EG0,expg,stk_gha,800
EG0__stk_gha_col.Rmd,EG0,expg,stk_gha_col,800
EG1__curves.Rmd,EG1,expg,curves,600
EG1__curves_col.Rmd,EG1,expg,curves_col,600
EG1__comp.Rmd,EG1,expg,comp,600
EG1__comp_col.Rmd,EG1,expg,comp_col,600
EG1__stk_air.Rmd,EG1,expg,stk_air,800
EG1__stk_air_col.Rmd,EG1,expg,stk_air_col,800
EG1__stk_gha.Rmd,EG1,expg,stk_gha,800
EG1__stk_gha_col.Rmd,EG1,expg,stk_gha_col,800
EG2__curves.Rmd,EG2,expg,curves,600
EG2__curves_col.Rmd,EG2,expg,curves_col,600
EG2__comp.Rmd,EG2,expg,comp,600
EG2__comp_col.Rmd,EG2,expg,comp_col,600
EG2__stk_air.Rmd,EG2,expg,stk_air,800
EG2__stk_air_col.Rmd,EG2,expg,stk_air_col,800
EG2__stk_gha.Rmd,EG2,expg,stk_gha,800
EG2__stk_gha_col.Rmd,EG2,expg,stk_gha_col,800
EG3__curves.Rmd,EG3,expg,curves,600
EG3__curves_col.Rmd,EG3,expg,curves_col,600
EG3__comp.Rmd,EG3,expg,comp,600
EG3__comp_col.Rmd,EG3,expg,comp_col,600
EG3__stk_air.Rmd,EG3,expg,stk_air,800
EG3__stk_air_col.Rmd,EG3,expg,stk_air_col,800
EG3__stk_gha.Rmd,EG3,expg,stk_gha,800
EG3__stk_gha_col.Rmd,EG3,expg,stk_gha_col,800
EG4__curves.Rmd,EG4,expg,curves,600
EG4__curves_col.Rmd,EG4,expg,curves_col,600
EG4__comp.Rmd,EG4,expg,comp,600
EG4__comp_col.Rmd,EG4,expg,comp_col,600
EG4__stk_air.Rmd,EG4,expg,stk_air,800
EG4__stk_air_col.Rmd,EG4,expg,stk_air_col,800
EG4__stk_gha.Rmd,EG4,expg,stk_gha,800
EG4__stk_gha_col.Rmd,EG4,expg,stk_gha_col,800
EG5__curves.Rmd,EG5,expg,curves,600
EG5__curves_col.Rmd,EG5,expg,curves_col,600
EG5__comp.Rmd,EG5,expg,comp,600
EG5__comp_col.Rmd,EG5,expg,comp_col,600
EG5__stk_air.Rmd,EG5,expg,stk_air,800
EG5__stk_air_col.Rmd,EG5,expg,stk_air_col,800
EG5__stk_gha.Rmd,EG5,expg,stk_gha,800
EG5__stk_gha_col.Rmd,EG5,expg,stk_gha_col,800
ED0__curves.Rmd,ED0,expd,curves,600
ED0__curves_col.Rmd,ED0,expd,curves_col,600
ED0__comp.Rmd,ED0,expd,comp,600
ED0__comp_col.Rmd,ED0,expd,comp_col,600
ED0__stk_air.Rmd,ED0,expd,stk_air,800
ED0__stk_air_col.Rmd,ED0,expd,stk_air_col,800
ED0__stk_gha.Rmd,ED0,expd,stk_gha,800
ED0__stk_gha_col.Rmd,ED0,expd,stk_gha_col,800
ED1__curves.Rmd,ED1,expd,curves,600
ED1__curves_col.Rmd,ED1,expd,curves_col,600
ED1__comp.Rmd,ED1,expd,comp,600
ED1__comp_col.Rmd,ED1,expd,comp_col,600
ED1__stk_air.Rmd,ED1,expd,stk_air,800
ED1__stk_air_col.Rmd,ED1,expd,stk_air_col,800
ED1__stk_gha.Rmd,ED1,expd,stk_gha,800
ED1__stk_gha_col.Rmd,ED1,expd,stk_gha_col,800
ED2__curves.Rmd,ED2,expd,curves,600
ED2__curves_col.Rmd,ED2,expd,curves_col,600
ED2__comp.Rmd,ED2,expd,comp,600
ED2__comp_col.Rmd,ED2,expd,comp_col,600
ED2__stk_air.Rmd,ED2,expd,stk_air,800
ED2__stk_air_col.Rmd,ED2,expd,stk_air_col,800
ED2__stk_gha.Rmd,ED2,expd,stk_gha,800
ED2__stk_gha_col.Rmd,ED2,expd,stk_gha_col,800
ED3__curves.Rmd,ED3,expd,curves,600
ED3__curves_col.Rmd,ED3,expd,curves_col,600
ED3__comp.Rmd,ED3,expd,comp,600
ED3__comp_col.Rmd,ED3,expd,comp_col,600
ED3__stk_air.Rmd,ED3,expd,stk_air,800
ED3__stk_air_col.Rmd,ED3,expd,stk_air_col,800
ED3__stk_gha.Rmd,ED3,expd,stk_gha,800
ED3__stk_gha_col.Rmd,ED3,expd,stk_gha_col,800
ED4__curves.Rmd,ED4,expd,curves,600
ED4__curves_col.Rmd,ED4,expd,curves_col,600
ED4__comp.Rmd,ED4,expd,comp,600
ED4__comp_col.Rmd,ED4,expd,comp_col,600
ED4__stk_air.Rmd,ED4,expd,stk_air,800
ED4__stk_air_col.Rmd,ED4,expd,stk_air_col,800
ED4__stk_gha.Rmd,ED4,expd,stk_gha,800
ED4__stk_gha_col.Rmd,ED4,expd,stk_gha_col,800
ED5__curves.Rmd,ED5,expd,curves,600
ED5__curves_col.Rmd,ED5,expd,curves_col,600
ED5__comp.Rmd,ED5,expd,comp,600
ED5__comp_col.Rmd,ED5,expd,comp_col,600
ED5__stk_air.Rmd,ED5,expd,stk_air,800
ED5__stk_air_col.Rmd,ED5,expd,stk_air_col,800
ED5__stk_gha.Rmd,ED5,expd,stk_gha,800
ED5__stk_gha_col.Rmd,ED5,expd,stk_gha_col,800
SL1__curves.Rmd,SL1,skew,curves,600
SL1__curves_col.Rmd,SL1,skew,curves_col,600
SL1__comp.Rmd,SL1,skew,comp,600
SL1__comp_col.Rmd,SL1,skew,comp_col,600
SL1__stk_air.Rmd,SL1,skew,stk_air,800
SL1__stk_air_col.Rmd,SL1,skew,stk_air_col,800
SL1__stk_gha.Rmd,SL1,skew,stk_gha,800
SL1__stk_gha_col.Rmd,SL1,skew,stk_gha_col,800
SL2__curves.Rmd,SL2,skew,curves,600
SL2__curves_col.Rmd,SL2,skew,curves_col,600
SL2__comp.Rmd,SL2,skew,comp,600
SL2__comp_col.Rmd,SL2,skew,comp_col,600
SL2__stk_air.Rmd,SL2,skew,stk_air,800
SL2__stk_air_col.Rmd,SL2,skew,stk_air_col,800
SL2__stk_gha.Rmd,SL2,skew,stk_gha,800
SL2__stk_gha_col.Rmd,SL2,skew,stk_gha_col,800
SL3__curves.Rmd,SL3,skew,curves,600
SL3__curves_col.Rmd,SL3,skew,curves_col,600
SL3__comp.Rmd,SL3,skew,comp,600
SL3__comp_col.Rmd,SL3,skew,comp_col,600
SL3__stk_air.Rmd,SL3,skew,stk_air,800
SL3__stk_air_col.Rmd,SL3,skew,stk_air_col,800
SL3__stk_gha.Rmd,SL3,skew,stk_gha,800
SL3__stk_gha_col.Rmd,SL3,skew,stk_gha_col,800
SL4__curves.Rmd,SL4,skew,curves,600
SL4__curves_col.Rmd,SL4,skew,curves_col,600
SL4__comp.Rmd,SL4,skew,comp,600
SL4__comp_col.Rmd,SL4,skew,comp_col,600
SL4__stk_air.Rmd,SL4,skew,stk_air,800
SL4__stk_air_col.Rmd,SL4,skew,stk_air_col,800
SL4__stk_gha.Rmd,SL4,skew,stk_gha,800
SL4__stk_gha_col.Rmd,SL4,skew,stk_gha_col,800
SL5__curves.Rmd,SL5,skew,curves,600
SL5__curves_col.Rmd,SL5,skew,curves_col,600
SL5__comp.Rmd,SL5,skew,comp,600
SL5__comp_col.Rmd,SL5,skew,comp_col,600
SL5__stk_air.Rmd,SL5,skew,stk_air,800
SL5__stk_air_col.Rmd,SL5,skew,stk_air_col,800
SL5__stk_gha.Rmd,SL5,skew,stk_gha,800
SL5__stk_gha_col.Rmd,SL5,skew,stk_gha_col,800
SL6__curves.Rmd,SL6,skew,curves,600
SL6__curves_col.Rmd,SL6,skew,curves_col,600
SL6__comp.Rmd,SL6,skew,comp,600
SL6__comp_col.Rmd,SL6,skew,comp_col,600
SL6__stk_air.Rmd,SL6,skew,stk_air,800
SL6__stk_air_col.Rmd,SL6,skew,stk_air_col,800
SL6__stk_gha.Rmd,SL6,skew,stk_gha,800
SL6__stk_gha_col.Rmd,SL6,skew,stk_gha_col,800
SL7__curves.Rmd,SL7,skew,curves,600
SL7__curves_col.Rmd,SL7,skew,curves_col,600
SL7__comp.Rmd,SL7,skew,comp,600
SL7__comp_col.Rmd,SL7,skew,comp_col,600
SL7__stk_air.Rmd,SL7,skew,stk_air,800
SL7__stk_air_col.Rmd,SL7,skew,stk_air_col,800
SL7__stk_gha.Rmd,SL7,skew,stk_gha,800
SL7__stk_gha_col.Rmd,SL7,skew,stk_gha_col,800
SL8__curves.Rmd,SL8,skew,curves,600
SL8__curves_col.Rmd,SL8,skew,curves_col,600
SL8__comp.Rmd,SL8,skew,comp,600
SL8__comp_col.Rmd,SL8,skew,comp_col,600
SL8__stk_air.Rmd,SL8,skew,stk_air,800
SL8__stk_air_col.Rmd,SL8,skew,stk_air_col,800
SL8__stk_gha.Rmd,SL8,skew,stk_gha,800
SL8__stk_gha_col.Rmd,SL8,skew,stk_gha_col,800
SL9__curves.Rmd,SL9,skew,curves,600
SL9__curves_col.Rmd,SL9,skew,curves_col,600
SL9__comp.Rmd,SL9,skew,comp,600
SL9__comp_col.Rmd,SL9,skew,comp_col,600
SL9__stk_air.Rmd,SL9,skew,stk_air,800
SL9__stk_air_col.Rmd,SL9,skew,stk_air_col,800
SL9__stk_gha.Rmd,SL9,skew,stk_gha,800
SL9__stk_gha_col.Rmd,SL9,skew,stk_gha_col,800
SL10__curves.Rmd,SL10,skew,curves,600
SL10__curves_col.Rmd,SL10,skew,curves_col,600
SL10__comp.Rmd,SL10,skew,comp,600
SL10__comp_col.Rmd,SL10,skew,comp_col,600
SL10__stk_air.Rmd,SL10,skew,stk_air,800
SL10__stk_air_col.Rmd,SL10,skew,stk_air_col,800
SL10__stk_gha.Rmd,SL10,skew,stk_gha,800
SL10__stk_gha_col.Rmd,SL10,skew,stk_gha_col,800
SL11__curves.Rmd,SL11,skew,curves,600
SL11__curves_col.Rmd,SL11,skew,curves_col,600
SL11__comp.Rmd,SL11,skew,comp,600
SL11__comp_col.Rmd,SL11,skew,comp_col,600
SL11__stk_air.Rmd,SL11,skew,stk_air,800
SL11__stk_air_col.Rmd,SL11,skew,stk_air_col,800
SL11__stk_gha.Rmd,SL11,skew,stk_gha,800
SL11__stk_gha_col.Rmd,SL11,skew,stk_gha_col,800
SL12__curves.Rmd,SL12,skew,curves,600
SL12__curves_col.Rmd,SL12,skew,curves_col,600
SL12__comp.Rmd,SL12,skew,comp,600
SL12__comp_col.Rmd,SL12,skew,comp_col,600
SL12__stk_air.Rmd,SL12,skew,stk_air,800
SL12__stk_air_col.Rmd,SL12,skew,stk_air_col,800
SL12__stk_gha.Rmd,SL12,skew,stk_gha,800
SL12__stk_gha_col.Rmd,SL12,skew,stk_gha_col,800
SL13__curves.Rmd,SL13,skew,curves,600
SL13__curves_col.Rmd,SL13,skew,curves_col,600
SL13__comp.Rmd,SL13,skew,comp,600
SL13__comp_col.Rmd,SL13,skew,comp_col,600
SL13__stk_air.Rmd,SL13,skew,stk_air,800
SL13__stk_air_col.Rmd,SL13,skew,stk_air_col,800
SL13__stk_gha.Rmd,SL13,skew,stk_gha,800
SL13__stk_gha_col.Rmd,SL13,skew,stk_gha_col,800
SL14__curves.Rmd,SL14,skew,curves,600
SL14__curves_col.Rmd,SL14,skew,curves_col,600
SL14__comp.Rmd,SL14,skew,comp,600
SL14__comp_col.Rmd,SL14,skew,comp_col,600
SL14__stk_air.Rmd,SL14,skew,stk_air,800
SL14__stk_air_col.Rmd,SL14,skew,stk_air_col,800
SL14__stk_gha.Rmd,SL14,skew,stk_gha,800
SL14__stk_gha_col.Rmd,SL14,skew,stk_gha_col,800
SL15__curves.Rmd,SL15,skew,curves,600
SL15__curves_col.Rmd,SL15,skew,curves_col,600
SL15__comp.Rmd,SL15,skew,comp,600
SL15__comp_col.Rmd,SL15,skew,comp_col,600
SL15__stk_air.Rmd,SL15,skew,stk_air,800
SL15__stk_air_col.Rmd,SL15,skew,stk_air_col,800
SL15__stk_gha.Rmd,SL15,skew,stk_gha,800
SL15__stk_gha_col.Rmd,SL15,skew,stk_gha_col,800
SL16__curves.Rmd,SL16,skew,curves,600
SL16__curves_col.Rmd,SL16,skew,curves_col,600
SL16__comp.Rmd,SL16,skew,comp,600
SL16__comp_col.Rmd,SL16,skew,comp_col,600
SL16__stk_air.Rmd,SL16,skew,stk_air,800
SL16__stk_air_col.Rmd,SL16,skew,stk_air_col,800
SL16__stk_gha.Rmd,SL16,skew,stk_gha,800
SL16__stk_gha_col.Rmd,SL16,skew,stk_gha_col,800
SL17__curves.Rmd,SL17,skew,curves,600
SL17__curves_col.Rmd,SL17,skew,curves_col,600
SL17__comp.Rmd,SL17,skew,comp,600
SL17__comp_col.Rmd,SL17,skew,comp_col,600
SL17__stk_air.Rmd,SL17,skew,stk_air,800
SL17__stk_air_col.Rmd,SL17,skew,stk_air_col,800
SL17__stk_gha.Rmd,SL17,skew,stk_gha,800
SL17__stk_gha_col.Rmd,SL17,skew,stk_gha_col,800
SL18__curves.Rmd,SL18,skew,curves,600
SL18__curves_col.Rmd,SL18,skew,curves_col,600
SL18__comp.Rmd,SL18,skew,comp,600
SL18__comp_col.Rmd,SL18,skew,comp_col,600
SL18__stk_air.Rmd,SL18,skew,stk_air,800
SL18__stk_air_col.Rmd,SL18,skew,stk_air_col,800
SL18__stk_gha.Rmd,SL18,skew,stk_gha,800
SL18__stk_gha_col.Rmd,SL18,skew,stk_gha_col,800
SL19__curves.Rmd,SL19,skew,curves,600
SL19__curves_col.Rmd,SL19,skew,curves_col,600
SL19__comp.Rmd,SL19,skew,comp,600
SL19__comp_col.Rmd,SL19,skew,comp_col,600
SL19__stk_air.Rmd,SL19,skew,stk_air,800
SL19__stk_air_col.Rmd,SL19,skew,stk_air_col,800
SL19__stk_gha.Rmd,SL19,skew,stk_gha,800
SL19__stk_gha_col.Rmd,SL19,skew,stk_gha_col,800
SL20__curves.Rmd,SL20,skew,curves,600
SL20__curves_col.Rmd,SL20,skew,curves_col,600
SL20__comp.Rmd,SL20,skew,comp,600
SL20__comp_col.Rmd,SL20,skew,comp_col,600
SL20__stk_air.Rmd,SL20,skew,stk_air,800
SL20__stk_air_col.Rmd,SL20,skew,stk_air_col,800
SL20__stk_gha.Rmd,SL20,skew,stk_gha,800
SL20__stk_gha_col.Rmd,SL20,skew,stk_gha_col,800
SL21__curves.Rmd,SL21,skew,curves,600
SL21__curves_col.Rmd,SL21,skew,curves_col,600
SL21__comp.Rmd,SL21,skew,comp,600
SL21__comp_col.Rmd,SL21,skew,comp_col,600
SL21__stk_air.Rmd,SL21,skew,stk_air,800
SL21__stk_air_col.Rmd,SL21,skew,stk_air_col,800
SL21__stk_gha.Rmd,SL21,skew,stk_gha,800
SL21__stk_gha_col.Rmd,SL21,skew,stk_gha_col,800
SL22__curves.Rmd,SL22,skew,curves,600
SL22__curves_col.Rmd,SL22,skew,curves_col,600
SL22__comp.Rmd,SL22,skew,comp,600
SL22__comp_col.Rmd,SL22,skew,comp_col,600
SL22__stk_air.Rmd,SL22,skew,stk_air,800
SL22__stk_air_col.Rmd,SL22,skew,stk_air_col,800
SL22__stk_gha.Rmd,SL22,skew,stk_gha,800
SL22__stk_gha_col.Rmd,SL22,skew,stk_gha_col,800
SL23__curves.Rmd,SL23,skew,curves,600
SL23__curves_col.Rmd,SL23,skew,curves_col,600
SL23__comp.Rmd,SL23,skew,comp,600
SL23__comp_col.Rmd,SL23,skew,comp_col,600
SL23__stk_air.Rmd,SL23,skew,stk_air,800
SL23__stk_air_col.Rmd,SL23,skew,stk_air_col,800
SL23__stk_gha.Rmd,SL23,skew,stk_gha,800
SL23__stk_gha_col.Rmd,SL23,skew,stk_gha_col,800
SL24__curves.Rmd,SL24,skew,curves,600
SL24__curves_col.Rmd,SL24,skew,curves_col,600
SL24__comp.Rmd,SL24,skew,comp,600
SL24__comp_col.Rmd,SL24,skew,comp_col,600
SL24__stk_air.Rmd,SL24,skew,stk_air,800
SL24__stk_air_col.Rmd,SL24,skew,stk_air_col,800
SL24__stk_gha.Rmd,SL24,skew,stk_gha,800
SL24__stk_gha_col.Rmd,SL24,skew,stk_gha_col,800
SL25__curves.Rmd,SL25,skew,curves,600
SL25__curves_col.Rmd,SL25,skew,curves_col,600
SL25__comp.Rmd,SL25,skew,comp,600
SL25__comp_col.Rmd,SL25,skew,comp_col,600
SL25__stk_air.Rmd,SL25,skew,stk_air,800
SL25__stk_air_col.Rmd,SL25,skew,stk_air_col,800
SL25__stk_gha.Rmd,SL25,skew,stk_gha,800
SL25__stk_gha_col.Rmd,SL25,skew,stk_gha_col,800
SL26__curves.Rmd,SL26,skew,curves,600
SL26__curves_col.Rmd,SL26,skew,curves_col,600
SL26__comp.Rmd,SL26,skew,comp,600
SL26__comp_col.Rmd,SL26,skew,comp_col,600
SL26__stk_air.Rmd,SL26,skew,stk_air,800
SL26__stk_air_col.Rmd,SL26,skew,stk_air_col,800
SL26__stk_gha.Rmd,SL26,skew,stk_gha,800
SL26__stk_gha_col.Rmd,SL26,skew,stk_gha_col,800
SL27__curves.Rmd,SL27,skew,curves,600
SL27__curves_col.Rmd,SL27,skew,curves_col,600
SL27__comp.Rmd,SL27,skew,comp,600
SL27__comp_col.Rmd,SL27,skew,comp_col,600
SL27__stk_air.Rmd,SL27,skew,stk_air,800
SL27__stk_air_col.Rmd,SL27,skew,stk_air_col,800
SL27__stk_gha.Rmd,SL27,skew,stk_gha,800
SL27__stk_gha_col.Rmd,SL27,skew,stk_gha_col,800
SL28__curves.Rmd,SL28,skew,curves,600
SL28__curves_col.Rmd,SL28,skew,curves_col,600
SL28__comp.Rmd,SL28,skew,comp,600
SL28__comp_col.Rmd,SL28,skew,comp_col,600
SL28__stk_air.Rmd,SL28,skew,stk_air,800
SL28__stk_air_col.Rmd,SL28,skew,stk_air_col,800
SL28__stk_gha.Rmd,SL28,skew,stk_gha,800
SL28__stk_gha_col.Rmd,SL28,skew,stk_gha_col,800
SL29__curves.Rmd,SL29,skew,curves,600
SL29__curves_col.Rmd,SL29,skew,curves_col,600
SL29__comp.Rmd,SL29,skew,comp,600
SL29__comp_col.Rmd,SL29,skew,comp_col,600
SL29__stk_air.Rmd,SL29,skew,stk_air,800
SL29__stk_air_col.Rmd,SL29,skew,stk_air_col,800
SL29__stk_gha.Rmd,SL29,skew,stk_gha,800
SL29__stk_gha_col.Rmd,SL29,skew,stk_gha_col,800
SL30__curves.Rmd,SL30,skew,curves,600
SL30__curves_col.Rmd,SL30,skew,curves_col,600
SL30__comp.Rmd,SL30,skew,comp,600
SL30__comp_col.Rmd,SL30,skew,comp_col,600
SL30__stk_air.Rmd,SL30,skew,stk_air,800
SL30__stk_air_col.Rmd,SL30,skew,stk_air_col,800
SL30__stk_gha.Rmd,SL30,skew,stk_gha,800
SL30__stk_gha_col.Rmd,SL30,skew,stk_gha_col,800
SL31__curves.Rmd,SL31,skew,curves,600
SL31__curves_col.Rmd,SL31,skew,curves_col,600
SL31__comp.Rmd,SL31,skew,comp,600
SL31__comp_col.Rmd,SL31,skew,comp_col,600
SL31__stk_air.Rmd,SL31,skew,stk_air,800
SL31__stk_air_col.Rmd,SL31,skew,stk_air_col,800
SL31__stk_gha.Rmd,SL31,skew,stk_gha,800
SL31__stk_gha_col.Rmd,SL31,skew,stk_gha_col,800
SL32__curves.Rmd,SL32,skew,curves,600
SL32__curves_col.Rmd,SL32,skew,curves_col,600
SL32__comp.Rmd,SL32,skew,comp,600
SL32__comp_col.Rmd,SL32,skew,comp_col,600
SL32__stk_air.Rmd,SL32,skew,stk_air,800
SL32__stk_air_col.Rmd,SL32,skew,stk_air_col,800
SL32__stk_gha.Rmd,SL32,skew,stk_gha,800
SL32__stk_gha_col.Rmd,SL32,skew,stk_gha_col,800
SL33__curves.Rmd,SL33,skew,curves,600
SL33__curves_col.Rmd,SL33,skew,curves_col,600
SL33__comp.Rmd,SL33,skew,comp,600
SL33__comp_col.Rmd,SL33,skew,comp_col,600
SL33__stk_air.Rmd,SL33,skew,stk_air,800
SL33__stk_air_col.Rmd,SL33,skew,stk_air_col,800
SL33__stk_gha.Rmd,SL33,skew,stk_gha,800
SL33__stk_gha_col.Rmd,SL33,skew,stk_gha_col,800
SL34__curves.Rmd,SL34,skew,curves,600
SL34__curves_col.Rmd,SL34,skew,curves_col,600
SL34__comp.Rmd,SL34,skew,comp,600
SL34__comp_col.Rmd,SL34,skew,comp_col,600
SL34__stk_air.Rmd,SL34,skew,stk_air,800
SL34__stk_air_col.Rmd,SL34,skew,stk_air_col,800
SL34__stk_gha.Rmd,SL34,skew,stk_gha,800
SL34__stk_gha_col.Rmd,SL34,skew,stk_gha_col,800
SL35__curves.Rmd,SL35,skew,curves,600
SL35__curves_col.Rmd,SL35,skew,curves_col,600
SL35__comp.Rmd,SL35,skew,comp,600
SL35__comp_col.Rmd,SL35,skew,comp_col,600
SL35__stk_air.Rmd,SL35,skew,stk_air,800
SL35__stk_air_col.Rmd,SL35,skew,stk_air_col,800
SL35__stk_gha.Rmd,SL35,skew,stk_gha,800
SL35__stk_gha_col.Rmd,SL35,skew,stk_gha_col,800
SL36__curves.Rmd,SL36,skew,curves,600
SL36__curves_col.Rmd,SL36,skew,curves_col,600
SL36__comp.Rmd,SL36,skew,comp,600
SL36__comp_col.Rmd,SL36,skew,comp_col,600
SL36__stk_air.Rmd,SL36,skew,stk_air,800
SL36__stk_air_col.Rmd,SL36,skew,stk_air_col,800
SL36__stk_gha.Rmd,SL36,skew,stk_gha,800
SL36__stk_gha_col.Rmd,SL36,skew,stk_gha_col,800
SL37__curves.Rmd,SL37,skew,curves,600
SL37__curves_col.Rmd,SL37,skew,curves_col,600
SL37__comp.Rmd,SL37,skew,comp,600
SL37__comp_col.Rmd,SL37,skew,comp_col,600
SL37__stk_air.Rmd,SL37,skew,stk_air,800
SL37__stk_air_col.Rmd,SL37,skew,stk_air_col,800
SL37__stk_gha.Rmd,SL37,skew,stk_gha,800
SL37__stk_gha_col.Rmd,SL37,skew,stk_gha_col,800
SL38__curves.Rmd,SL38,skew,curves,600
SL38__curves_col.Rmd,SL38,skew,curves_col,600
SL38__comp.Rmd,SL38,skew,comp,600
SL38__comp_col.Rmd,SL38,skew,comp_col,600
SL38__stk_air.Rmd,SL38,skew,stk_air,800
SL38__stk_air_col.Rmd,SL38,skew,stk_air_col,800
SL38__stk_gha.Rmd,SL38,skew,stk_gha,800
SL38__stk_gha_col.Rmd,SL38,skew,stk_gha_col,800
SL39__curves.Rmd,SL39,skew,curves,600
SL39__curves_col.Rmd,SL39,skew,curves_col,600
SL39__comp.Rmd,SL39,skew,comp,600
SL39__comp_col.Rmd,SL39,skew,comp_col,600
SL39__stk_air.Rmd,SL39,skew,stk_air,800
SL39__stk_air_col.Rmd,SL39,skew,stk_air_col,800
SL39__stk_gha.Rmd,SL39,skew,stk_gha,800
SL39__stk_gha_col.Rmd,SL39,skew,stk_gha_col,800
SR1__curves.Rmd,SR1,skew,curves,600
SR1__curves_col.Rmd,SR1,skew,curves_col,600
SR1__comp.Rmd,SR1,skew,comp,600
SR1__comp_col.Rmd,SR1,skew,comp_col,600
SR1__stk_air.Rmd,SR1,skew,stk_air,800
SR1__stk_air_col.Rmd,SR1,skew,stk_air_col,800
SR1__stk_gha.Rmd,SR1,skew,stk_gha,800
SR1__stk_gha_col.Rmd,SR1,skew,stk_gha_col,800
SR2__curves.Rmd,SR2,skew,curves,600
SR2__curves_col.Rmd,SR2,skew,curves_col,600
SR2__comp.Rmd,SR2,skew,comp,600
SR2__comp_col.Rmd,SR2,skew,comp_col,600
SR2__stk_air.Rmd,SR2,skew,stk_air,800
SR2__stk_air_col.Rmd,SR2,skew,stk_air_col,800
SR2__stk_gha.Rmd,SR2,skew,stk_gha,800
SR2__stk_gha_col.Rmd,SR2,skew,stk_gha_col,800
SR3__curves.Rmd,SR3,skew,curves,600
SR3__curves_col.Rmd,SR3,skew,curves_col,600
SR3__comp.Rmd,SR3,skew,comp,600
SR3__comp_col.Rmd,SR3,skew,comp_col,600
SR3__stk_air.Rmd,SR3,skew,stk_air,800
SR3__stk_air_col.Rmd,SR3,skew,stk_air_col,800
SR3__stk_gha.Rmd,SR3,skew,stk_gha,800
SR3__stk_gha_col.Rmd,SR3,skew,stk_gha_col,800
SR4__curves.Rmd,SR4,skew,curves,600
SR4__curves_col.Rmd,SR4,skew,curves_col,600
SR4__comp.Rmd,SR4,skew,comp,600
SR4__comp_col.Rmd,SR4,skew,comp_col,600
SR4__stk_air.Rmd,SR4,skew,stk_air,800
SR4__stk_air_col.Rmd,SR4,skew,stk_air_col,800
SR4__stk_gha.Rmd,SR4,skew,stk_gha,800
SR4__stk_gha_col.Rmd,SR4,skew,stk_gha_col,800
SR5__curves.Rmd,SR5,skew,curves,600
SR5__curves_col.Rmd,SR5,skew,curves_col,600
SR5__comp.Rmd,SR5,skew,comp,600
SR5__comp_col.Rmd,SR5,skew,comp_col,600
SR5__stk_air.Rmd,SR5,skew,stk_air,800
SR5__stk_air_col.Rmd,SR5,skew,stk_air_col,800
SR5__stk_gha.Rmd,SR5,skew,stk_gha,800
SR5__stk_gha_col.Rmd,SR5,skew,stk_gha_col,800
SR6__curves.Rmd,SR6,skew,curves,600
SR6__curves_col.Rmd,SR6,skew,curves_col,600
SR6__comp.Rmd,SR6,skew,comp,600
SR6__comp_col.Rmd,SR6,skew,comp_col,600
SR6__stk_air.Rmd,SR6,skew,stk_air,800
SR6__stk_air_col.Rmd,SR6,skew,stk_air_col,800
SR6__stk_gha.Rmd,SR6,skew,stk_gha,800
SR6__stk_gha_col.Rmd,SR6,skew,stk_gha_col,800
SR7__curves.Rmd,SR7,skew,curves,600
SR7__curves_col.Rmd,SR7,skew,curves_col,600
SR7__comp.Rmd,SR7,skew,comp,600
SR7__comp_col.Rmd,SR7,skew,comp_col,600
SR7__stk_air.Rmd,SR7,skew,stk_air,800
SR7__stk_air_col.Rmd,SR7,skew,stk_air_col,800
SR7__stk_gha.Rmd,SR7,skew,stk_gha,800
SR7__stk_gha_col.Rmd,SR7,skew,stk_gha_col,800
SR8__curves.Rmd,SR8,skew,curves,600
SR8__curves_col.Rmd,SR8,skew,curves_col,600
SR8__comp.Rmd,SR8,skew,comp,600
SR8__comp_col.Rmd,SR8,skew,comp_col,600
SR8__stk_air.Rmd,SR8,skew,stk_air,800
SR8__stk_air_col.Rmd,SR8,skew,stk_air_col,800
SR8__stk_gha.Rmd,SR8,skew,stk_gha,800
SR8__stk_gha_col.Rmd,SR8,skew,stk_gha_col,800
SR9__curves.Rmd,SR9,skew,curves,600
SR9__curves_col.Rmd,SR9,skew,curves_col,600
SR9__comp.Rmd,SR9,skew,comp,600
SR9__comp_col.Rmd,SR9,skew,comp_col,600
SR9__stk_air.Rmd,SR9,skew,stk_air,800
SR9__stk_air_col.Rmd,SR9,skew,stk_air_col,800
SR9__stk_gha.Rmd,SR9,skew,stk_gha,800
SR9__stk_gha_col.Rmd,SR9,skew,stk_gha_col,800
SR10__curves.Rmd,SR10,skew,curves,600
SR10__curves_col.Rmd,SR10,skew,curves_col,600
SR10__comp.Rmd,SR10,skew,comp,600
SR10__comp_col.Rmd,SR10,skew,comp_col,600
SR10__stk_air.Rmd,SR10,skew,stk_air,800
SR10__stk_air_col.Rmd,SR10,skew,stk_air_col,800
SR10__stk_gha.Rmd,SR10,skew,stk_gha,800
SR10__stk_gha_col.Rmd,SR10,skew,stk_gha_col,800
SR11__curves.Rmd,SR11,skew,curves,600
SR11__curves_col.Rmd,SR11,skew,curves_col,600
SR11__comp.Rmd,SR11,skew,comp,600
SR11__comp_col.Rmd,SR11,skew,comp_col,600
SR11__stk_air.Rmd,SR11,skew,stk_air,800
SR11__stk_air_col.Rmd,SR11,skew,stk_air_col,800
SR11__stk_gha.Rmd,SR11,skew,stk_gha,800
SR11__stk_gha_col.Rmd,SR11,skew,stk_gha_col,800
SR12__curves.Rmd,SR12,skew,curves,600
SR12__curves_col.Rmd,SR12,skew,curves_col,600
SR12__comp.Rmd,SR12,skew,comp,600
SR12__comp_col.Rmd,SR12,skew,comp_col,600
SR12__stk_air.Rmd,SR12,skew,stk_air,800
SR12__stk_air_col.Rmd,SR12,skew,stk_air_col,800
SR12__stk_gha.Rmd,SR12,skew,stk_gha,800
SR12__stk_gha_col.Rmd,SR12,skew,stk_gha_col,800
SR13__curves.Rmd,SR13,skew,curves,600
SR13__curves_col.Rmd,SR13,skew,curves_col,600
SR13__comp.Rmd,SR13,skew,comp,600
SR13__comp_col.Rmd,SR13,skew,comp_col,600
SR13__stk_air.Rmd,SR13,skew,stk_air,800
SR13__stk_air_col.Rmd,SR13,skew,stk_air_col,800
SR13__stk_gha.Rmd,SR13,skew,stk_gha,800
SR13__stk_gha_col.Rmd,SR13,skew,stk_gha_col,800
SR14__curves.Rmd,SR14,skew,curves,600
SR14__curves_col.Rmd,SR14,skew,curves_col,600
SR14__comp.Rmd,SR14,skew,comp,600
SR14__comp_col.Rmd,SR14,skew,comp_col,600
SR14__stk_air.Rmd,SR14,skew,stk_air,800
SR14__stk_air_col.Rmd,SR14,skew,stk_air_col,800
SR14__stk_gha.Rmd,SR14,skew,stk_gha,800
SR14__stk_gha_col.Rmd,SR14,skew,stk_gha_col,800
SR15__curves.Rmd,SR15,skew,curves,600
SR15__curves_col.Rmd,SR15,skew,curves_col,600
SR15__comp.Rmd,SR15,skew,comp,600
SR15__comp_col.Rmd,SR15,skew,comp_col,600
SR15__stk_air.Rmd,SR15,skew,stk_air,800
SR15__stk_air_col.Rmd,SR15,skew,stk_air_col,800
SR15__stk_gha.Rmd,SR15,skew,stk_gha,800
SR15__stk_gha_col.Rmd,SR15,skew,stk_gha_col,800
SR16__curves.Rmd,SR16,skew,curves,600
SR16__curves_col.Rmd,SR16,skew,curves_col,600
SR16__comp.Rmd,SR16,skew,comp,600
SR16__comp_col.Rmd,SR16,skew,comp_col,600
SR16__stk_air.Rmd,SR16,skew,stk_air,800
SR16__stk_air_col.Rmd,SR16,skew,stk_air_col,800
SR16__stk_gha.Rmd,SR16,skew,stk_gha,800
SR16__stk_gha_col.Rmd,SR16,skew,stk_gha_col,800
SR17__curves.Rmd,SR17,skew,curves,600
SR17__curves_col.Rmd,SR17,skew,curves_col,600
SR17__comp.Rmd,SR17,skew,comp,600
SR17__comp_col.Rmd,SR17,skew,comp_col,600
SR17__stk_air.Rmd,SR17,skew,stk_air,800
SR17__stk_air_col.Rmd,SR17,skew,stk_air_col,800
SR17__stk_gha.Rmd,SR17,skew,stk_gha,800
SR17__stk_gha_col.Rmd,SR17,skew,stk_gha_col,800
SR18__curves.Rmd,SR18,skew,curves,600
SR18__curves_col.Rmd,SR18,skew,curves_col,600
SR18__comp.Rmd,SR18,skew,comp,600
SR18__comp_col.Rmd,SR18,skew,comp_col,600
SR18__stk_air.Rmd,SR18,skew,stk_air,800
SR18__stk_air_col.Rmd,SR18,skew,stk_air_col,800
SR18__stk_gha.Rmd,SR18,skew,stk_gha,800
SR18__stk_gha_col.Rmd,SR18,skew,stk_gha_col,800
SR19__curves.Rmd,SR19,skew,curves,600
SR19__curves_col.Rmd,SR19,skew,curves_col,600
SR19__comp.Rmd,SR19,skew,comp,600
SR19__comp_col.Rmd,SR19,skew,comp_col,600
SR19__stk_air.Rmd,SR19,skew,stk_air,800
SR19__stk_air_col.Rmd,SR19,skew,stk_air_col,800
SR19__stk_gha.Rmd,SR19,skew,stk_gha,800
SR19__stk_gha_col.Rmd,SR19,skew,stk_gha_col,800
SR20__curves.Rmd,SR20,skew,curves,600
SR20__curves_col.Rmd,SR20,skew,curves_col,600
SR20__comp.Rmd,SR20,skew,comp,600
SR20__comp_col.Rmd,SR20,skew,comp_col,600
SR20__stk_air.Rmd,SR20,skew,stk_air,800
SR20__stk_air_col.Rmd,SR20,skew,stk_air_col,800
SR20__stk_gha.Rmd,SR20,skew,stk_gha,800
SR20__stk_gha_col.Rmd,SR20,skew,stk_gha_col,800
SR21__curves.Rmd,SR21,skew,curves,600
SR21__curves_col.Rmd,SR21,skew,curves_col,600
SR21__comp.Rmd,SR21,skew,comp,600
SR21__comp_col.Rmd,SR21,skew,comp_col,600
SR21__stk_air.Rmd,SR21,skew,stk_air,800
SR21__stk_air_col.Rmd,SR21,skew,stk_air_col,800
SR21__stk_gha.Rmd,SR21,skew,stk_gha,800
SR21__stk_gha_col.Rmd,SR21,skew,stk_gha_col,800
SR22__curves.Rmd,SR22,skew,curves,600
SR22__curves_col.Rmd,SR22,skew,curves_col,600
SR22__comp.Rmd,SR22,skew,comp,600
SR22__comp_col.Rmd,SR22,skew,comp_col,600
SR22__stk_air.Rmd,SR22,skew,stk_air,800
SR22__stk_air_col.Rmd,SR22,skew,stk_air_col,800
SR22__stk_gha.Rmd,SR22,skew,stk_gha,800
SR22__stk_gha_col.Rmd,SR22,skew,stk_gha_col,800
SR23__curves.Rmd,SR23,skew,curves,600
SR23__curves_col.Rmd,SR23,skew,curves_col,600
SR23__comp.Rmd,SR23,skew,comp,600
SR23__comp_col.Rmd,SR23,skew,comp_col,600
SR23__stk_air.Rmd,SR23,skew,stk_air,800
SR23__stk_air_col.Rmd,SR23,skew,stk_air_col,800
SR23__stk_gha.Rmd,SR23,skew,stk_gha,800
SR23__stk_gha_col.Rmd,SR23,skew,stk_gha_col,800
SR24__curves.Rmd,SR24,skew,curves,600
SR24__curves_col.Rmd,SR24,skew,curves_col,600
SR24__comp.Rmd,SR24,skew,comp,600
SR24__comp_col.Rmd,SR24,skew,comp_col,600
SR24__stk_air.Rmd,SR24,skew,stk_air,800
SR24__stk_air_col.Rmd,SR24,skew,stk_air_col,800
SR24__stk_gha.Rmd,SR24,skew,stk_gha,800
SR24__stk_gha_col.Rmd,SR24,skew,stk_gha_col,800
SR25__curves.Rmd,SR25,skew,curves,600
SR25__curves_col.Rmd,SR25,skew,curves_col,600
SR25__comp.Rmd,SR25,skew,comp,600
SR25__comp_col.Rmd,SR25,skew,comp_col,600
SR25__stk_air.Rmd,SR25,skew,stk_air,800
SR25__stk_air_col.Rmd,SR25,skew,stk_air_col,800
SR25__stk_gha.Rmd,SR25,skew,stk_gha,800
SR25__stk_gha_col.Rmd,SR25,skew,stk_gha_col,800
SR26__curves.Rmd,SR26,skew,curves,600
SR26__curves_col.Rmd,SR26,skew,curves_col,600
SR26__comp.Rmd,SR26,skew,comp,600
SR26__comp_col.Rmd,SR26,skew,comp_col,600
SR26__stk_air.Rmd,SR26,skew,stk_air,800
SR26__stk_air_col.Rmd,SR26,skew,stk_air_col,800
SR26__stk_gha.Rmd,SR26,skew,stk_gha,800
SR26__stk_gha_col.Rmd,SR26,skew,stk_gha_col,800
SR27__curves.Rmd,SR27,skew,curves,600
SR27__curves_col.Rmd,SR27,skew,curves_col,600
SR27__comp.Rmd,SR27,skew,comp,600
SR27__comp_col.Rmd,SR27,skew,comp_col,600
SR27__stk_air.Rmd,SR27,skew,stk_air,800
SR27__stk_air_col.Rmd,SR27,skew,stk_air_col,800
SR27__stk_gha.Rmd,SR27,skew,stk_gha,800
SR27__stk_gha_col.Rmd,SR27,skew,stk_gha_col,800
SR28__curves.Rmd,SR28,skew,curves,600
SR28__curves_col.Rmd,SR28,skew,curves_col,600
SR28__comp.Rmd,SR28,skew,comp,600
SR28__comp_col.Rmd,SR28,skew,comp_col,600
SR28__stk_air.Rmd,SR28,skew,stk_air,800
SR28__stk_air_col.Rmd,SR28,skew,stk_air_col,800
SR28__stk_gha.Rmd,SR28,skew,stk_gha,800
SR28__stk_gha_col.Rmd,SR28,skew,stk_gha_col,800
SR29__curves.Rmd,SR29,skew,curves,600
SR29__curves_col.Rmd,SR29,skew,curves_col,600
SR29__comp.Rmd,SR29,skew,comp,600
SR29__comp_col.Rmd,SR29,skew,comp_col,600
SR29__stk_air.Rmd,SR29,skew,stk_air,800
SR29__stk_air_col.Rmd,SR29,skew,stk_air_col,800
SR29__stk_gha.Rmd,SR29,skew,stk_gha,800
SR29__stk_gha_col.Rmd,SR29,skew,stk_gha_col,800
SR30__curves.Rmd,SR30,skew,curves,600
SR30__curves_col.Rmd,SR30,skew,curves_col,600
SR30__comp.Rmd,SR30,skew,comp,600
SR30__comp_col.Rmd,SR30,skew,comp_col,600
SR30__stk_air.Rmd,SR30,skew,stk_air,800
SR30__stk_air_col.Rmd,SR30,skew,stk_air_col,800
SR30__stk_gha.Rmd,SR30,skew,stk_gha,800
SR30__stk_gha_col.Rmd,SR30,skew,stk_gha_col,800
SR31__curves.Rmd,SR31,skew,curves,600
SR31__curves_col.Rmd,SR31,skew,curves_col,600
SR31__comp.Rmd,SR31,skew,comp,600
SR31__comp_col.Rmd,SR31,skew,comp_col,600
SR31__stk_air.Rmd,SR31,skew,stk_air,800
SR31__stk_air_col.Rmd,SR31,skew,stk_air_col,800
SR31__stk_gha.Rmd,SR31,skew,stk_gha,800
SR31__stk_gha_col.Rmd,SR31,skew,stk_gha_col,800
SR32__curves.Rmd,SR32,skew,curves,600
SR32__curves_col.Rmd,SR32,skew,curves_col,600
SR32__comp.Rmd,SR32,skew,comp,600
SR32__comp_col.Rmd,SR32,skew,comp_col,600
SR32__stk_air.Rmd,SR32,skew,stk_air,800
SR32__stk_air_col.Rmd,SR32,skew,stk_air_col,800
SR32__stk_gha.Rmd,SR32,skew,stk_gha,800
SR32__stk_gha_col.Rmd,SR32,skew,stk_gha_col,800
SR33__curves.Rmd,SR33,skew,curves,600
SR33__curves_col.Rmd,SR33,skew,curves_col,600
SR33__comp.Rmd,SR33,skew,comp,600
SR33__comp_col.Rmd,SR33,skew,comp_col,600
SR33__stk_air.Rmd,SR33,skew,stk_air,800
SR33__stk_air_col.Rmd,SR33,skew,stk_air_col,800
SR33__stk_gha.Rmd,SR33,skew,stk_gha,800
SR33__stk_gha_col.Rmd,SR33,skew,stk_gha_col,800
SR34__curves.Rmd,SR34,skew,curves,600
SR34__curves_col.Rmd,SR34,skew,curves_col,600
SR34__comp.Rmd,SR34,skew,comp,600
SR34__comp_col.Rmd,SR34,skew,comp_col,600
SR34__stk_air.Rmd,SR34,skew,stk_air,800
SR34__stk_air_col.Rmd,SR34,skew,stk_air_col,800
SR34__stk_gha.Rmd,SR34,skew,stk_gha,800
SR34__stk_gha_col.Rmd,SR34,skew,stk_gha_col,800
SR35__curves.Rmd,SR35,skew,curves,600
SR35__curves_col.Rmd,SR35,skew,curves_col,600
SR35__comp.Rmd,SR35,skew,comp,600
SR35__comp_col.Rmd,SR35,skew,comp_col,600
SR35__stk_air.Rmd,SR35,skew,stk_air,800
SR35__stk_air_col.Rmd,SR35,skew,stk_air_col,800
SR35__stk_gha.Rmd,SR35,skew,stk_gha,800
SR35__stk_gha_col.Rmd,SR35,skew,stk_gha_col,800
SR36__curves.Rmd,SR36,skew,curves,600
SR36__curves_col.Rmd,SR36,skew,curves_col,600
SR36__comp.Rmd,SR36,skew,comp,600
SR36__comp_col.Rmd,SR36,skew,comp_col,600
SR36__stk_air.Rmd,SR36,skew,stk_air,800
SR36__stk_air_col.Rmd,SR36,skew,stk_air_col,800
SR36__stk_gha.Rmd,SR36,skew,stk_gha,800
SR36__stk_gha_col.Rmd,SR36,skew,stk_gha_col,800
SR37__curves.Rmd,SR37,skew,curves,600
SR37__curves_col.Rmd,SR37,skew,curves_col,600
SR37__comp.Rmd,SR37,skew,comp,600
SR37__comp_col.Rmd,SR37,skew,comp_col,600
SR37__stk_air.Rmd,SR37,skew,stk_air,800
SR37__stk_air_col.Rmd,SR37,skew,stk_air_col,800
SR37__stk_gha.Rmd,SR37,skew,stk_gha,800
SR37__stk_gha_col.Rmd,SR37,skew,stk_gha_col,800
SR38__curves.Rmd,SR38,skew,curves,600
SR38__curves_col.Rmd,SR38,skew,curves_col,600
SR38__comp.Rmd,SR38,skew,comp,600
SR38__comp_col.Rmd,SR38,skew,comp_col,600
SR38__stk_air.Rmd,SR38,skew,stk_air,800
SR38__stk_air_col.Rmd,SR38,skew,stk_air_col,800
SR38__stk_gha.Rmd,SR38,skew,stk_gha,800
SR38__stk_gha_col.Rmd,SR38,skew,stk_gha_col,800
SR39__curves.Rmd,SR39,skew,curves,600
SR39__curves_col.Rmd,SR39,skew,curves_col,600
SR39__comp.Rmd,SR39,skew,comp,600
SR39__comp_col.Rmd,SR39,skew,comp_col,600
SR39__stk_air.Rmd,SR39,skew,stk_air,800
SR39__stk_air_col.Rmd,SR39,skew,stk_air_col,800
SR39__stk_gha.Rmd,SR39,skew,stk_gha,800
SR39__stk_gha_col.Rmd,SR39,skew,stk_gha_col,800
