grouping,model,regime,target_min,n_groups,airport_peak,sum_group_peaks,max_single_group,total_counter_min
airline,N1,r200,20,57,164,874,86,140418
airline,N1,r180,20,57,150,799,78,128340
airline,N1,r200,40,57,161,794,80,142415
airline,N1,r180,40,57,146,723,72,129738
airline,N2,r200,20,57,165,884,81,140420
airline,N2,r180,20,57,150,799,73,128184
airline,N2,r200,40,57,161,808,78,142265
airline,N2,r180,40,57,146,730,70,129620
airline,N3,r200,20,57,138,534,61,146510
airline,N3,r180,20,57,128,485,55,135083
airline,N3,r200,40,57,135,484,60,149936
airline,N3,r180,40,57,123,439,54,137584
airline,N4,r200,20,57,214,1478,109,137191
airline,N4,r180,20,57,194,1334,98,124637
airline,N4,r200,40,57,197,1220,96,138584
airline,N4,r180,40,57,178,1099,87,125816
airline,N5,r200,20,57,169,884,82,140266
airline,N5,r180,20,57,153,802,74,128015
airline,N5,r200,40,57,165,804,78,142004
airline,N5,r180,40,57,149,724,70,129307
airline,N6,r200,20,57,148,660,68,143593
airline,N6,r180,20,57,134,600,61,131820
airline,N6,r200,40,57,145,598,65,146353
airline,N6,r180,40,57,132,547,59,133893
airline,N7,r200,20,57,136,526,59,146439
airline,N7,r180,20,57,126,481,53,134960
airline,N7,r200,40,57,136,486,57,149403
airline,N7,r180,40,57,123,436,51,137064
airline,N8,r200,20,57,216,1469,102,137143
airline,N8,r180,20,57,194,1326,92,124551
airline,N8,r200,40,57,200,1218,93,138442
airline,N8,r180,40,57,181,1105,84,125568
airline,N9,r200,20,57,143,653,69,143500
airline,N9,r180,20,57,131,596,63,131695
airline,N9,r200,40,57,143,600,67,146190
airline,N9,r180,40,57,130,547,60,133856
airline,N10,r200,20,57,216,1482,109,137082
airline,N10,r180,20,57,196,1337,98,124498
airline,N10,r200,40,57,200,1223,94,138159
airline,N10,r180,40,57,181,1106,85,125382
airline,N11,r200,20,57,172,877,82,140453
airline,N11,r180,20,57,155,798,74,128294
airline,N11,r200,40,57,166,791,78,142266
airline,N11,r180,40,57,150,721,70,129637
airline,N12,r200,20,57,147,648,68,143381
airline,N12,r180,20,57,134,590,61,131624
airline,N12,r200,40,57,145,591,65,145823
airline,N12,r180,40,57,134,537,59,133328
airline,N13,r200,20,57,144,535,60,146211
airline,N13,r180,20,57,130,489,54,134795
airline,N13,r200,40,57,139,491,58,149227
airline,N13,r180,40,57,125,440,52,137032
airline,U1,r200,20,57,143,433,54,141896
airline,U1,r180,20,57,131,395,49,130173
airline,U1,r200,40,57,141,389,52,143615
airline,U1,r180,40,57,128,355,47,131151
airline,EG0,r200,20,57,148,753,71,141865
airline,EG0,r180,20,57,136,679,64,130272
airline,EG0,r200,40,57,149,670,68,143806
airline,EG0,r180,40,57,134,602,61,131481
airline,EG1,r200,20,57,140,552,56,141963
airline,EG1,r180,20,57,130,503,51,130291
airline,EG1,r200,40,57,141,494,54,143693
airline,EG1,r180,40,57,128,453,49,131485
airline,EG2,r200,20,57,142,513,58,142008
airline,EG2,r180,20,57,129,466,52,130198
airline,EG2,r200,40,57,141,457,55,143723
airline,EG2,r180,40,57,129,415,50,131167
airline,EG3,r200,20,57,170,1171,84,141627
airline,EG3,r180,20,57,154,1057,76,129583
airline,EG3,r200,40,57,169,941,79,144017
airline,EG3,r180,40,57,153,854,71,131479
airline,EG4,r200,20,57,215,1783,114,138582
airline,EG4,r180,20,57,195,1607,102,126150
airline,EG4,r200,40,57,197,1259,95,140452
airline,EG4,r180,40,57,179,1137,86,127700
airline,EG5,r200,20,57,244,2413,144,136210
airline,EG5,r180,20,57,222,2173,130,123578
airline,EG5,r200,40,57,223,1432,109,137699
airline,EG5,r180,40,57,202,1291,98,124810
airline,ED0,r200,20,57,160,765,79,141848
airline,ED0,r180,20,57,146,692,71,130095
airline,ED0,r200,40,57,150,675,71,143077
airline,ED0,r180,40,57,136,609,64,130613
airline,ED1,r200,20,57,142,559,64,141963
airline,ED1,r180,20,57,131,510,58,130193
airline,ED1,r200,40,57,139,498,60,143466
airline,ED1,r180,40,57,127,451,54,130993
airline,ED2,r200,20,57,140,496,63,141888
airline,ED2,r180,20,57,129,457,57,130066
airline,ED2,r200,40,57,135,449,59,143376
airline,ED2,r180,40,57,125,410,53,130815
airline,ED3,r200,20,57,189,1168,94,141241
airline,ED3,r180,20,57,171,1053,85,129306
airline,ED3,r200,40,57,172,963,83,142704
airline,ED3,r180,40,57,155,869,75,130332
airline,ED4,r200,20,57,211,1791,121,137535
airline,ED4,r180,20,57,193,1623,109,125249
airline,ED4,r200,40,57,198,1261,96,138310
airline,ED4,r180,40,57,179,1138,86,125806
airline,ED5,r200,20,57,251,2413,141,134465
airline,ED5,r180,20,57,226,2177,127,121971
airline,ED5,r200,40,57,222,1435,108,134532
airline,ED5,r180,40,57,201,1291,97,121960
airline,SL1,r200,20,57,173,891,81,140475
airline,SL1,r180,20,57,157,805,73,128350
airline,SL1,r200,40,57,165,804,77,142336
airline,SL1,r180,40,57,150,735,70,129725
airline,SL2,r200,20,57,170,899,80,140534
airline,SL2,r180,20,57,153,818,72,128385
airline,SL2,r200,40,57,160,803,75,142471
airline,SL2,r180,40,57,145,726,68,129866
airline,SL3,r200,20,57,138,553,63,146679
airline,SL3,r180,20,57,127,501,57,135253
airline,SL3,r200,40,57,137,503,61,149795
airline,SL3,r180,40,57,125,459,55,137600
airline,SL4,r200,20,57,211,1525,109,137049
airline,SL4,r180,20,57,191,1378,98,124526
airline,SL4,r200,40,57,201,1227,94,138398
airline,SL4,r180,40,57,184,1110,85,125569
airline,SL5,r200,20,57,165,911,79,140587
airline,SL5,r180,20,57,152,822,72,128478
airline,SL5,r200,40,57,159,818,76,142528
airline,SL5,r180,40,57,147,740,68,130002
airline,SL6,r200,20,57,143,676,73,143395
airline,SL6,r180,20,57,131,617,66,131669
airline,SL6,r200,40,57,143,614,67,146139
airline,SL6,r180,40,57,131,557,61,133737
airline,SL7,r200,20,57,142,550,60,146554
airline,SL7,r180,20,57,130,500,54,135041
airline,SL7,r200,40,57,143,499,58,149681
airline,SL7,r180,40,57,128,452,53,137313
airline,SL8,r200,20,57,215,1528,105,137162
airline,SL8,r180,20,57,193,1381,94,124633
airline,SL8,r200,40,57,201,1232,95,138590
airline,SL8,r180,40,57,183,1112,85,125751
airline,SL9,r200,20,57,147,662,68,143537
airline,SL9,r180,20,57,135,602,61,131788
airline,SL9,r200,40,57,148,608,66,146126
airline,SL9,r180,40,57,135,558,60,133735
airline,SL10,r200,20,57,215,1529,110,137013
airline,SL10,r180,20,57,195,1379,99,124500
airline,SL10,r200,40,57,199,1228,96,138187
airline,SL10,r180,40,57,179,1111,86,125415
airline,SL11,r200,20,57,173,924,86,140326
airline,SL11,r180,20,57,158,837,77,128219
airline,SL11,r200,40,57,165,832,81,142286
airline,SL11,r180,40,57,150,747,73,129626
airline,SL12,r200,20,57,148,664,66,143634
airline,SL12,r180,20,57,136,604,60,131811
airline,SL12,r200,40,57,148,613,64,146230
airline,SL12,r180,40,57,135,553,58,133774
airline,SL13,r200,20,57,144,548,61,146334
airline,SL13,r180,20,57,133,493,55,134881
airline,SL13,r200,40,57,144,500,58,149673
airline,SL13,r180,40,57,133,453,52,137212
airline,SL14,r200,20,57,165,930,80,140253
airline,SL14,r180,20,57,151,839,72,128068
airline,SL14,r200,40,57,159,835,77,142119
airline,SL14,r180,40,57,146,752,70,129536
airline,SL15,r200,20,57,164,932,81,140147
airline,SL15,r180,20,57,150,844,73,128028
airline,SL15,r200,40,57,156,832,77,142046
airline,SL15,r180,40,57,143,752,69,129317
airline,SL16,r200,20,57,141,571,65,145738
airline,SL16,r180,20,57,129,521,58,134216
airline,SL16,r200,40,57,139,525,62,148824
airline,SL16,r180,40,57,127,478,56,136412
airline,SL17,r200,20,57,210,1567,105,136996
airline,SL17,r180,20,57,191,1414,94,124342
airline,SL17,r200,40,57,197,1251,97,138260
airline,SL17,r180,40,57,178,1130,87,125413
airline,SL18,r200,20,57,170,936,83,140191
airline,SL18,r180,20,57,154,846,75,128081
airline,SL18,r200,40,57,165,838,77,142200
airline,SL18,r180,40,57,150,758,69,129547
airline,SL19,r200,20,57,146,679,68,143326
airline,SL19,r180,20,57,133,617,61,131541
airline,SL19,r200,40,57,146,621,65,146016
airline,SL19,r180,40,57,134,562,58,133384
airline,SL20,r200,20,57,144,573,62,146089
airline,SL20,r180,20,57,133,524,56,134598
airline,SL20,r200,40,57,141,519,60,149420
airline,SL20,r180,40,57,130,471,54,137080
airline,SL21,r200,20,57,209,1552,102,137015
airline,SL21,r180,20,57,188,1404,92,124448
airline,SL21,r200,40,57,197,1247,93,138430
airline,SL21,r180,40,57,178,1121,84,125625
airline,SL22,r200,20,57,148,693,70,143027
airline,SL22,r180,20,57,135,627,63,131168
airline,SL22,r200,40,57,149,632,68,145607
airline,SL22,r180,40,57,135,579,61,133224
airline,SL23,r200,20,57,209,1580,107,137028
airline,SL23,r180,20,57,189,1426,96,124413
airline,SL23,r200,40,57,194,1251,95,138457
airline,SL23,r180,40,57,176,1134,86,125587
airline,SL24,r200,20,57,175,920,78,140085
airline,SL24,r180,20,57,160,834,71,127886
airline,SL24,r200,40,57,166,836,77,142099
airline,SL24,r180,40,57,149,755,69,129426
airline,SL25,r200,20,57,148,709,75,142994
airline,SL25,r180,20,57,135,647,68,131087
airline,SL25,r200,40,57,151,641,68,145455
airline,SL25,r180,40,57,136,579,62,133035
airline,SL26,r200,20,57,140,570,61,145788
airline,SL26,r180,20,57,128,522,55,134280
airline,SL26,r200,40,57,140,524,60,148740
airline,SL26,r180,40,57,129,475,54,136518
airline,SL27,r200,20,57,169,967,80,139924
airline,SL27,r180,20,57,152,874,72,127655
airline,SL27,r200,40,57,160,863,77,141613
airline,SL27,r180,40,57,146,780,69,128998
airline,SL28,r200,20,57,179,954,81,139829
airline,SL28,r180,20,57,161,866,73,127580
airline,SL28,r200,40,57,172,857,78,141674
airline,SL28,r180,40,57,156,777,70,129042
airline,SL29,r200,20,57,142,581,60,145688
airline,SL29,r180,20,57,131,529,54,134086
airline,SL29,r200,40,57,142,528,58,148924
airline,SL29,r180,40,57,130,478,52,136520
airline,SL30,r200,20,57,215,1628,110,136832
airline,SL30,r180,20,57,194,1471,99,124268
airline,SL30,r200,40,57,201,1275,100,138121
airline,SL30,r180,40,57,182,1150,90,125225
airline,SL31,r200,20,57,170,966,79,139863
airline,SL31,r180,20,57,155,872,71,127581
airline,SL31,r200,40,57,164,863,76,141773
airline,SL31,r180,40,57,148,779,69,129036
airline,SL32,r200,20,57,149,721,70,142986
airline,SL32,r180,20,57,137,656,63,131110
airline,SL32,r200,40,57,147,650,66,145662
airline,SL32,r180,40,57,134,589,59,133120
airline,SL33,r200,20,57,145,589,63,145240
airline,SL33,r180,20,57,134,532,57,133670
airline,SL33,r200,40,57,145,531,60,148579
airline,SL33,r180,40,57,133,486,54,136123
airline,SL34,r200,20,57,205,1622,107,136900
airline,SL34,r180,20,57,186,1462,96,124276
airline,SL34,r200,40,57,198,1270,97,138289
airline,SL34,r180,40,57,178,1152,87,125459
airline,SL35,r200,20,57,151,707,69,142483
airline,SL35,r180,20,57,136,638,62,130518
airline,SL35,r200,40,57,146,648,68,145077
airline,SL35,r180,40,57,133,587,61,132529
airline,SL36,r200,20,57,218,1624,114,136804
airline,SL36,r180,20,57,197,1472,103,124272
airline,SL36,r200,40,57,200,1275,97,138136
airline,SL36,r180,40,57,180,1151,87,125297
airline,SL37,r200,20,57,171,963,82,139933
airline,SL37,r180,20,57,155,868,74,127747
airline,SL37,r200,40,57,165,858,77,141808
airline,SL37,r180,40,57,152,778,69,129256
airline,SL38,r200,20,57,151,720,69,142682
airline,SL38,r180,20,57,137,649,62,130808
airline,SL38,r200,40,57,145,662,67,145171
airline,SL38,r180,40,57,132,595,60,132849
airline,SL39,r200,20,57,146,595,62,145430
airline,SL39,r180,20,57,133,539,56,133867
airline,SL39,r200,40,57,143,534,57,148348
airline,SL39,r180,40,57,131,488,52,136063
airline,SR1,r200,20,57,174,913,87,140400
airline,SR1,r180,20,57,161,823,78,128306
airline,SR1,r200,40,57,168,830,84,142204
airline,SR1,r180,40,57,151,752,75,129541
airline,SR2,r200,20,57,169,902,80,140327
airline,SR2,r180,20,57,153,818,72,128157
airline,SR2,r200,40,57,166,819,78,142223
airline,SR2,r180,40,57,150,739,70,129482
airline,SR3,r200,20,57,140,560,64,146520
airline,SR3,r180,20,57,129,511,58,134964
airline,SR3,r200,40,57,140,512,62,149861
airline,SR3,r180,40,57,128,462,56,137466
airline,SR4,r200,20,57,221,1521,110,137193
airline,SR4,r180,20,57,200,1375,99,124662
airline,SR4,r200,40,57,199,1226,96,138172
airline,SR4,r180,40,57,180,1105,86,125407
airline,SR5,r200,20,57,172,919,86,140419
airline,SR5,r180,20,57,155,830,77,128183
airline,SR5,r200,40,57,166,830,80,142329
airline,SR5,r180,40,57,150,747,72,129667
airline,SR6,r200,20,57,152,664,70,143677
airline,SR6,r180,20,57,141,603,63,131913
airline,SR6,r200,40,57,151,609,68,146270
airline,SR6,r180,40,57,135,557,62,133783
airline,SR7,r200,20,57,138,551,64,146273
airline,SR7,r180,20,57,126,500,57,134835
airline,SR7,r200,40,57,137,504,60,149301
airline,SR7,r180,40,57,125,454,54,137020
airline,SR8,r200,20,57,221,1507,106,137112
airline,SR8,r180,20,57,198,1362,96,124576
airline,SR8,r200,40,57,203,1227,93,137970
airline,SR8,r180,40,57,183,1108,84,125250
airline,SR9,r200,20,57,157,675,69,143874
airline,SR9,r180,20,57,143,615,62,132071
airline,SR9,r200,40,57,152,610,66,146334
airline,SR9,r180,40,57,136,558,60,133857
airline,SR10,r200,20,57,213,1520,109,137107
airline,SR10,r180,20,57,193,1380,99,124516
airline,SR10,r200,40,57,201,1227,96,138177
airline,SR10,r180,40,57,180,1106,87,125387
airline,SR11,r200,20,57,171,906,83,140514
airline,SR11,r180,20,57,155,818,75,128333
airline,SR11,r200,40,57,166,822,78,142473
airline,SR11,r180,40,57,149,744,70,129790
airline,SR12,r200,20,57,157,679,72,143513
airline,SR12,r180,20,57,141,608,65,131720
airline,SR12,r200,40,57,156,613,67,145876
airline,SR12,r180,40,57,140,555,60,133482
airline,SR13,r200,20,57,139,547,62,146391
airline,SR13,r180,20,57,127,496,56,135067
airline,SR13,r200,40,57,139,499,60,149596
airline,SR13,r180,40,57,126,452,54,137303
airline,SR14,r200,20,57,178,928,85,140290
airline,SR14,r180,20,57,161,839,77,128139
airline,SR14,r200,40,57,171,843,81,142106
airline,SR14,r180,40,57,155,762,73,129461
airline,SR15,r200,20,57,180,953,87,140078
airline,SR15,r180,20,57,163,865,79,127914
airline,SR15,r200,40,57,172,850,82,141962
airline,SR15,r180,40,57,156,770,74,129278
airline,SR16,r200,20,57,140,578,67,145897
airline,SR16,r180,20,57,130,520,60,134413
airline,SR16,r200,40,57,142,522,64,148952
airline,SR16,r180,40,57,130,476,58,136661
airline,SR17,r200,20,57,217,1567,109,136935
airline,SR17,r180,20,57,196,1415,98,124329
airline,SR17,r200,40,57,200,1248,97,137623
airline,SR17,r180,40,57,180,1128,87,124856
airline,SR18,r200,20,57,175,946,86,140356
airline,SR18,r180,20,57,158,856,77,128107
airline,SR18,r200,40,57,167,850,81,142351
airline,SR18,r180,40,57,152,771,73,129639
airline,SR19,r200,20,57,156,698,71,143314
airline,SR19,r180,20,57,142,635,64,131463
airline,SR19,r200,40,57,153,632,68,145742
airline,SR19,r180,40,57,139,578,61,133287
airline,SR20,r200,20,57,147,572,62,146149
airline,SR20,r180,20,57,135,518,56,134632
airline,SR20,r200,40,57,143,518,60,149693
airline,SR20,r180,40,57,131,475,54,137324
airline,SR21,r200,20,57,211,1590,115,136830
airline,SR21,r180,20,57,192,1434,104,124266
airline,SR21,r200,40,57,197,1253,98,137389
airline,SR21,r180,40,57,179,1132,89,124603
airline,SR22,r200,20,57,156,711,72,143139
airline,SR22,r180,20,57,144,642,65,131226
airline,SR22,r200,40,57,151,639,70,145578
airline,SR22,r180,40,57,136,583,63,133061
airline,SR23,r200,20,57,220,1564,109,136932
airline,SR23,r180,20,57,198,1413,98,124403
airline,SR23,r200,40,57,200,1245,95,137694
airline,SR23,r180,40,57,181,1121,85,124913
airline,SR24,r200,20,57,182,951,88,140172
airline,SR24,r180,20,57,163,863,80,127914
airline,SR24,r200,40,57,171,853,83,141824
airline,SR24,r180,40,57,153,771,75,129183
airline,SR25,r200,20,57,160,705,75,142974
airline,SR25,r180,20,57,144,638,68,131125
airline,SR25,r200,40,57,153,644,72,145421
airline,SR25,r180,40,57,138,581,65,132988
airline,SR26,r200,20,57,146,578,65,146079
airline,SR26,r180,20,57,132,527,58,134619
airline,SR26,r200,40,57,142,525,63,149037
airline,SR26,r180,40,57,129,482,57,136696
airline,SR27,r200,20,57,176,957,87,139800
airline,SR27,r180,20,57,159,865,79,127554
airline,SR27,r200,40,57,166,863,81,141431
airline,SR27,r180,40,57,151,777,73,128816
airline,SR28,r200,20,57,177,981,93,139941
airline,SR28,r180,20,57,162,888,83,127656
airline,SR28,r200,40,57,169,879,84,141470
airline,SR28,r180,40,57,153,792,76,128855
airline,SR29,r200,20,57,148,595,67,145350
airline,SR29,r180,20,57,134,540,60,133732
airline,SR29,r200,40,57,142,535,62,148251
airline,SR29,r180,40,57,130,488,56,135976
airline,SR30,r200,20,57,227,1604,117,136312
airline,SR30,r180,20,57,205,1454,105,123771
airline,SR30,r200,40,57,204,1269,96,136571
airline,SR30,r180,40,57,184,1147,86,123856
airline,SR31,r200,20,57,181,991,92,139742
airline,SR31,r180,20,57,163,899,83,127495
airline,SR31,r200,40,57,175,882,83,141342
airline,SR31,r180,40,57,160,800,75,128685
airline,SR32,r200,20,57,162,734,74,142732
airline,SR32,r180,20,57,148,665,67,130800
airline,SR32,r200,40,57,158,663,71,145006
airline,SR32,r180,40,57,144,603,64,132456
airline,SR33,r200,20,57,149,602,69,145487
airline,SR33,r180,20,57,135,547,62,133788
airline,SR33,r200,40,57,144,538,62,148215
airline,SR33,r180,40,57,133,486,56,135891
airline,SR34,r200,20,57,216,1624,118,136595
airline,SR34,r180,20,57,195,1470,106,123996
airline,SR34,r200,40,57,198,1277,98,136872
airline,SR34,r180,40,57,181,1153,88,124154
airline,SR35,r200,20,57,165,732,77,142748
airline,SR35,r180,20,57,148,666,70,130856
airline,SR35,r200,40,57,159,659,71,145165
airline,SR35,r180,40,57,144,598,64,132707
airline,SR36,r200,20,57,222,1614,116,136625
airline,SR36,r180,20,57,202,1462,105,124079
airline,SR36,r200,40,57,203,1271,97,136907
airline,SR36,r180,40,57,185,1150,87,124241
airline,SR37,r200,20,57,180,985,88,139905
airline,SR37,r180,20,57,164,887,79,127576
airline,SR37,r200,40,57,174,870,81,141321
airline,SR37,r180,40,57,159,791,73,128618
airline,SR38,r200,20,57,157,730,77,142708
airline,SR38,r180,20,57,145,665,69,130879
airline,SR38,r200,40,57,154,663,72,145211
airline,SR38,r180,40,57,138,603,65,132673
airline,SR39,r200,20,57,145,586,67,145392
airline,SR39,r180,20,57,131,534,60,133675
airline,SR39,r200,40,57,140,534,65,148191
airline,SR39,r180,40,57,130,487,58,135852
