grouping,model,regime,target_min,n_groups,airport_peak,sum_group_peaks,max_single_group,total_counter_min,supply,feasible_168
flight,N1,r200,20,164,171,1958,23,146353,168,False
flight,N1,r180,20,164,159,1785,21,134965,168,True
flight,N1,r200,40,164,171,1762,22,150113,168,False
flight,N1,r180,40,164,156,1595,20,137845,168,True
flight,N2,r200,20,164,171,1965,25,146234,168,False
flight,N2,r180,20,164,156,1779,22,134698,168,True
flight,N2,r200,40,164,171,1773,23,149864,168,False
flight,N2,r180,40,164,155,1608,21,137639,168,True
flight,N3,r200,20,164,148,1142,14,158617,168,True
flight,N3,r180,20,164,139,1046,13,148511,168,True
flight,N3,r200,40,164,149,1021,13,165426,168,True
flight,N3,r180,40,164,138,931,11,153810,168,True
flight,N4,r200,20,164,217,3456,42,140012,168,False
flight,N4,r180,20,164,196,3122,38,127789,168,False
flight,N4,r200,40,164,202,2811,35,142553,168,False
flight,N4,r180,40,164,182,2543,31,129989,168,False
flight,N5,r200,20,164,176,1972,24,146195,168,False
flight,N5,r180,20,164,160,1791,21,134655,168,True
flight,N5,r200,40,164,172,1781,22,149718,168,False
flight,N5,r180,40,164,158,1609,20,137442,168,True
flight,N6,r200,20,164,155,1423,18,152562,168,True
flight,N6,r180,20,164,143,1299,17,141867,168,True
flight,N6,r200,40,164,155,1281,16,157855,168,True
flight,N6,r180,40,164,145,1172,15,145843,168,True
flight,N7,r200,20,164,146,1140,13,158767,168,True
flight,N7,r180,20,164,136,1044,12,148758,168,True
flight,N7,r200,40,164,150,1028,13,165138,168,True
flight,N7,r180,40,164,137,934,12,153551,168,True
flight,N8,r200,20,164,218,3443,42,139934,168,False
flight,N8,r180,20,164,197,3112,38,127600,168,False
flight,N8,r200,40,164,205,2814,35,142358,168,False
flight,N8,r180,40,164,187,2543,32,129687,168,False
flight,N9,r200,20,164,152,1425,17,152405,168,True
flight,N9,r180,20,164,140,1297,16,141651,168,True
flight,N9,r200,40,164,155,1287,16,157568,168,True
flight,N9,r180,40,164,142,1177,14,145708,168,True
flight,N10,r200,20,164,218,3459,44,139781,168,False
flight,N10,r180,20,164,199,3122,39,127526,168,False
flight,N10,r200,40,164,204,2815,36,142053,168,False
flight,N10,r180,40,164,187,2543,32,129478,168,False
flight,N11,r200,20,164,180,1986,25,146196,168,False
flight,N11,r180,20,164,163,1802,22,134698,168,True
flight,N11,r200,40,164,174,1780,22,149844,168,False
flight,N11,r180,40,164,159,1621,20,137492,168,True
flight,N12,r200,20,164,154,1416,17,152510,168,True
flight,N12,r180,20,164,143,1289,15,141742,168,True
flight,N12,r200,40,164,154,1281,15,157381,168,True
flight,N12,r180,40,164,143,1173,14,145528,168,True
flight,N13,r200,20,164,156,1144,15,158742,168,True
flight,N13,r180,20,164,142,1050,14,148583,168,True
flight,N13,r200,40,164,152,1038,14,165124,168,True
flight,N13,r180,40,164,141,938,13,153686,168,True
flight,U1,r200,20,164,152,891,10,149700,168,True
flight,U1,r180,20,164,137,826,9,138905,168,True
flight,U1,r200,40,164,152,793,9,153106,168,True
flight,U1,r180,40,164,138,720,8,141153,168,True
flight,EG0,r200,20,164,157,1662,21,149764,168,True
flight,EG0,r180,20,164,144,1511,19,139259,168,True
flight,EG0,r200,40,164,159,1456,18,153446,168,True
flight,EG0,r180,40,164,144,1320,16,141699,168,True
flight,EG1,r200,20,164,147,1189,15,149725,168,True
flight,EG1,r180,20,164,137,1086,13,139359,168,True
flight,EG1,r200,40,164,149,1049,13,153120,168,True
flight,EG1,r180,40,164,137,966,12,141581,168,True
flight,EG2,r200,20,164,149,1074,12,149791,168,True
flight,EG2,r180,20,164,137,980,11,138955,168,True
flight,EG2,r200,40,164,150,942,11,153061,168,True
flight,EG2,r180,40,164,137,863,10,141055,168,True
flight,EG3,r200,20,164,175,2691,35,149198,168,False
flight,EG3,r180,20,164,160,2437,31,137962,168,True
flight,EG3,r200,40,164,175,2170,29,153913,168,False
flight,EG3,r180,40,164,159,1966,26,141838,168,True
flight,EG4,r200,20,164,219,4183,55,142558,168,False
flight,EG4,r180,20,164,199,3778,50,130592,168,False
flight,EG4,r200,40,164,203,2915,38,146141,168,False
flight,EG4,r180,40,164,184,2640,34,133638,168,False
flight,EG5,r200,20,164,246,5730,76,138194,168,False
flight,EG5,r180,20,164,227,5174,68,125772,168,False
flight,EG5,r200,40,164,226,3324,42,140718,168,False
flight,EG5,r180,40,164,204,2993,38,127928,168,False
flight,ED0,r200,20,164,169,1668,21,149627,168,False
flight,ED0,r180,20,164,157,1516,19,139159,168,True
flight,ED0,r200,40,164,161,1449,19,152588,168,True
flight,ED0,r180,40,164,148,1321,17,140905,168,True
flight,ED1,r200,20,164,149,1195,15,149661,168,True
flight,ED1,r180,20,164,138,1090,13,139116,168,True
flight,ED1,r200,40,164,148,1058,13,152913,168,True
flight,ED1,r180,40,164,137,957,12,141132,168,True
flight,ED2,r200,20,164,147,1048,12,149637,168,True
flight,ED2,r180,20,164,137,964,11,139008,168,True
flight,ED2,r200,40,164,146,933,11,152646,168,True
flight,ED2,r180,40,164,134,843,10,140941,168,True
flight,ED3,r200,20,164,196,2685,32,148620,168,False
flight,ED3,r180,20,164,183,2427,29,137539,168,False
flight,ED3,r200,40,164,183,2176,27,152554,168,False
flight,ED3,r180,40,164,168,1964,25,140652,168,True
flight,ED4,r200,20,164,217,4192,53,141450,168,False
flight,ED4,r180,20,164,199,3790,48,129557,168,False
flight,ED4,r200,40,164,206,2907,37,143827,168,False
flight,ED4,r180,40,164,188,2629,33,131599,168,False
flight,ED5,r200,20,164,253,5729,70,136412,168,False
flight,ED5,r180,20,164,229,5171,63,124120,168,False
flight,ED5,r200,40,164,226,3317,41,137606,168,False
flight,ED5,r180,40,164,206,2992,37,125130,168,False
flight,SL1,r200,20,164,178,1994,23,146620,168,False
flight,SL1,r180,20,164,161,1812,21,135087,168,True
flight,SL1,r200,40,164,173,1802,23,150324,168,False
flight,SL1,r180,40,164,157,1637,21,137929,168,True
flight,SL2,r200,20,164,174,2031,23,146583,168,False
flight,SL2,r180,20,164,158,1856,21,135092,168,True
flight,SL2,r200,40,164,167,1815,22,150477,168,True
flight,SL2,r180,40,164,154,1649,20,138226,168,True
flight,SL3,r200,20,164,147,1187,14,158697,168,True
flight,SL3,r180,20,164,139,1079,12,148748,168,True
flight,SL3,r200,40,164,152,1064,12,165435,168,True
flight,SL3,r180,40,164,139,970,11,154050,168,True
flight,SL4,r200,20,164,212,3548,45,139854,168,False
flight,SL4,r180,20,164,193,3211,40,127693,168,False
flight,SL4,r200,40,164,204,2834,36,142375,168,False
flight,SL4,r180,40,164,186,2565,32,129769,168,False
flight,SL5,r200,20,164,172,2028,26,146452,168,False
flight,SL5,r180,20,164,157,1847,23,135006,168,True
flight,SL5,r200,40,164,164,1820,22,150337,168,True
flight,SL5,r180,40,164,153,1645,20,138119,168,True
flight,SL6,r200,20,164,151,1469,17,152546,168,True
flight,SL6,r180,20,164,143,1341,16,141956,168,True
flight,SL6,r200,40,164,155,1326,17,157873,168,True
flight,SL6,r180,40,164,143,1209,16,145986,168,True
flight,SL7,r200,20,164,153,1179,15,158837,168,True
flight,SL7,r180,20,164,143,1080,13,148766,168,True
flight,SL7,r200,40,164,156,1051,14,165161,168,True
flight,SL7,r180,40,164,143,959,12,153575,168,True
flight,SL8,r200,20,164,217,3539,44,139902,168,False
flight,SL8,r180,20,164,196,3201,40,127681,168,False
flight,SL8,r200,40,164,204,2845,35,142485,168,False
flight,SL8,r180,40,164,184,2570,31,129869,168,False
flight,SL9,r200,20,164,155,1453,18,152513,168,True
flight,SL9,r180,20,164,146,1326,16,141817,168,True
flight,SL9,r200,40,164,159,1325,17,157549,168,True
flight,SL9,r180,40,164,145,1206,15,145701,168,True
flight,SL10,r200,20,164,218,3563,43,139786,168,False
flight,SL10,r180,20,164,197,3217,39,127614,168,False
flight,SL10,r200,40,164,201,2837,35,142215,168,False
flight,SL10,r180,40,164,182,2569,32,129638,168,False
flight,SL11,r200,20,164,178,2024,26,146195,168,False
flight,SL11,r180,20,164,165,1835,23,134790,168,True
flight,SL11,r200,40,164,174,1811,24,150005,168,False
flight,SL11,r180,40,164,158,1640,22,137736,168,True
flight,SL12,r200,20,164,156,1464,17,152558,168,True
flight,SL12,r180,20,164,145,1336,16,141861,168,True
flight,SL12,r200,40,164,156,1328,16,157704,168,True
flight,SL12,r180,40,164,144,1203,15,145895,168,True
flight,SL13,r200,20,164,155,1187,13,158795,168,True
flight,SL13,r180,20,164,144,1080,11,148837,168,True
flight,SL13,r200,40,164,156,1062,12,165687,168,True
flight,SL13,r180,40,164,148,964,11,153993,168,True
flight,SL14,r200,20,164,169,2114,27,145875,168,False
flight,SL14,r180,20,164,153,1908,24,134327,168,True
flight,SL14,r200,40,164,165,1870,23,149486,168,True
flight,SL14,r180,40,164,152,1696,21,137225,168,True
flight,SL15,r200,20,164,169,2111,28,145733,168,False
flight,SL15,r180,20,164,155,1917,25,134341,168,True
flight,SL15,r200,40,164,164,1876,24,149376,168,True
flight,SL15,r180,40,164,149,1699,22,136963,168,True
flight,SL16,r200,20,164,154,1224,15,157585,168,True
flight,SL16,r180,20,164,142,1119,14,147409,168,True
flight,SL16,r200,40,164,154,1105,14,164119,168,True
flight,SL16,r180,40,164,142,1004,13,152526,168,True
flight,SL17,r200,20,164,214,3682,43,139617,168,False
flight,SL17,r180,20,164,193,3330,39,127311,168,False
flight,SL17,r200,40,164,201,2888,36,142021,168,False
flight,SL17,r180,40,164,182,2609,32,129348,168,False
flight,SL18,r200,20,164,174,2129,28,145863,168,False
flight,SL18,r180,20,164,159,1928,25,134378,168,True
flight,SL18,r200,40,164,170,1885,24,149613,168,False
flight,SL18,r180,40,164,154,1705,22,137352,168,True
flight,SL19,r200,20,164,154,1521,19,152021,168,True
flight,SL19,r180,20,164,142,1387,17,141141,168,True
flight,SL19,r200,40,164,157,1375,18,157443,168,True
flight,SL19,r180,40,164,144,1251,16,145409,168,True
flight,SL20,r200,20,164,155,1232,14,158009,168,True
flight,SL20,r180,20,164,144,1118,13,147900,168,True
flight,SL20,r200,40,164,154,1097,13,164523,168,True
flight,SL20,r180,40,164,142,1010,12,152842,168,True
flight,SL21,r200,20,164,214,3669,46,139690,168,False
flight,SL21,r180,20,164,192,3323,42,127408,168,False
flight,SL21,r200,40,164,201,2898,36,142276,168,False
flight,SL21,r180,40,164,182,2610,32,129673,168,False
flight,SL22,r200,20,164,155,1531,17,151877,168,True
flight,SL22,r180,20,164,145,1381,15,141060,168,True
flight,SL22,r200,40,164,160,1365,16,156902,168,True
flight,SL22,r180,40,164,149,1248,15,145047,168,True
flight,SL23,r200,20,164,212,3678,49,139744,168,False
flight,SL23,r180,20,164,193,3323,45,127439,168,False
flight,SL23,r200,40,164,197,2906,38,142363,168,False
flight,SL23,r180,40,164,181,2627,34,129655,168,False
flight,SL24,r200,20,164,180,2104,26,145776,168,False
flight,SL24,r180,20,164,164,1914,24,134276,168,True
flight,SL24,r200,40,164,174,1880,24,149650,168,False
flight,SL24,r180,40,164,158,1699,21,137305,168,True
flight,SL25,r200,20,164,157,1538,20,151536,168,True
flight,SL25,r180,20,164,145,1399,18,140616,168,True
flight,SL25,r200,40,164,162,1381,18,156549,168,True
flight,SL25,r180,40,164,147,1253,16,144620,168,True
flight,SL26,r200,20,164,152,1227,16,157611,168,True
flight,SL26,r180,20,164,141,1127,14,147379,168,True
flight,SL26,r200,40,164,152,1104,15,163542,168,True
flight,SL26,r180,40,164,143,1005,13,152063,168,True
flight,SL27,r200,20,164,172,2209,27,145493,168,False
flight,SL27,r180,20,164,157,1998,25,133934,168,True
flight,SL27,r200,40,164,164,1947,24,149057,168,True
flight,SL27,r180,40,164,151,1773,21,136807,168,True
flight,SL28,r200,20,164,184,2180,27,145359,168,False
flight,SL28,r180,20,164,168,1978,24,133776,168,True
flight,SL28,r200,40,164,179,1937,24,149052,168,False
flight,SL28,r180,40,164,164,1759,22,136695,168,True
flight,SL29,r200,20,164,154,1253,15,157108,168,True
flight,SL29,r180,20,164,143,1151,14,146722,168,True
flight,SL29,r200,40,164,155,1129,14,163336,168,True
flight,SL29,r180,40,164,145,1016,12,151788,168,True
flight,SL30,r200,20,164,217,3808,50,139375,168,False
flight,SL30,r180,20,164,197,3440,45,127113,168,False
flight,SL30,r200,40,164,205,2948,37,141766,168,False
flight,SL30,r180,40,164,185,2662,33,129136,168,False
flight,SL31,r200,20,164,174,2196,28,145433,168,False
flight,SL31,r180,20,164,159,1991,26,133720,168,True
flight,SL31,r200,40,164,167,1944,25,149008,168,True
flight,SL31,r180,40,164,153,1765,22,136593,168,True
flight,SL32,r200,20,164,156,1588,17,151260,168,True
flight,SL32,r180,20,164,146,1442,16,140383,168,True
flight,SL32,r200,40,164,159,1425,17,156373,168,True
flight,SL32,r180,40,164,145,1293,15,144295,168,True
flight,SL33,r200,20,164,156,1283,15,156417,168,True
flight,SL33,r180,20,164,146,1166,14,146193,168,True
flight,SL33,r200,40,164,157,1141,14,163215,168,True
flight,SL33,r180,40,164,144,1047,13,151431,168,True
flight,SL34,r200,20,164,208,3785,46,139365,168,False
flight,SL34,r180,20,164,189,3430,42,127065,168,False
flight,SL34,r200,40,164,200,2939,36,141929,168,False
flight,SL34,r180,40,164,182,2667,33,129295,168,False
flight,SL35,r200,20,164,160,1579,18,150973,168,True
flight,SL35,r180,20,164,147,1435,17,139991,168,True
flight,SL35,r200,40,164,155,1423,17,155941,168,True
flight,SL35,r180,40,164,143,1292,15,143952,168,True
flight,SL36,r200,20,164,221,3781,49,139461,168,False
flight,SL36,r180,20,164,201,3427,45,127228,168,False
flight,SL36,r200,40,164,204,2942,38,141941,168,False
flight,SL36,r180,40,164,184,2662,34,129251,168,False
flight,SL37,r200,20,164,173,2181,28,145402,168,False
flight,SL37,r180,20,164,159,1972,25,133809,168,True
flight,SL37,r200,40,164,170,1932,25,149104,168,False
flight,SL37,r180,40,164,156,1758,23,136939,168,True
flight,SL38,r200,20,164,155,1581,18,151078,168,True
flight,SL38,r180,20,164,142,1436,16,140107,168,True
flight,SL38,r200,40,164,152,1430,16,155950,168,True
flight,SL38,r180,40,164,141,1296,15,144127,168,True
flight,SL39,r200,20,164,158,1262,16,156509,168,True
flight,SL39,r180,20,164,144,1161,14,146255,168,True
flight,SL39,r200,40,164,158,1137,14,162487,168,True
flight,SL39,r180,40,164,146,1037,12,151122,168,True
flight,SR1,r200,20,164,181,2015,28,146343,168,False
flight,SR1,r180,20,164,168,1823,25,134923,168,True
flight,SR1,r200,40,164,177,1814,24,149952,168,False
flight,SR1,r180,40,164,161,1644,22,137671,168,True
flight,SR2,r200,20,164,173,2025,26,146405,168,False
flight,SR2,r180,20,164,160,1836,23,134871,168,True
flight,SR2,r200,40,164,173,1814,23,150015,168,False
flight,SR2,r180,40,164,158,1643,21,137680,168,True
flight,SR3,r200,20,164,151,1186,15,158746,168,True
flight,SR3,r180,20,164,143,1088,14,148684,168,True
flight,SR3,r200,40,164,151,1064,14,165490,168,True
flight,SR3,r180,40,164,141,978,13,153570,168,True
flight,SR4,r200,20,164,224,3529,46,139996,168,False
flight,SR4,r180,20,164,202,3196,41,127779,168,False
flight,SR4,r200,40,164,203,2827,36,142132,168,False
flight,SR4,r180,40,164,186,2553,32,129559,168,False
flight,SR5,r200,20,164,178,2034,27,146399,168,False
flight,SR5,r180,20,164,163,1846,24,134838,168,True
flight,SR5,r200,40,164,175,1833,23,150226,168,False
flight,SR5,r180,40,164,159,1651,21,137863,168,True
flight,SR6,r200,20,164,162,1448,18,152631,168,True
flight,SR6,r180,20,164,150,1321,16,141923,168,True
flight,SR6,r200,40,164,162,1310,17,157761,168,True
flight,SR6,r180,40,164,148,1196,15,145781,168,True
flight,SR7,r200,20,164,149,1183,15,158647,168,True
flight,SR7,r180,20,164,139,1079,14,148704,168,True
flight,SR7,r200,40,164,149,1067,14,165085,168,True
flight,SR7,r180,40,164,139,964,12,153696,168,True
flight,SR8,r200,20,164,226,3521,46,140011,168,False
flight,SR8,r180,20,164,202,3184,42,127820,168,False
flight,SR8,r200,40,164,208,2827,35,142081,168,False
flight,SR8,r180,40,164,188,2555,32,129572,168,False
flight,SR9,r200,20,164,165,1466,20,153122,168,True
flight,SR9,r180,20,164,153,1337,18,142376,168,True
flight,SR9,r200,40,164,163,1320,16,157938,168,True
flight,SR9,r180,40,164,148,1204,15,146123,168,True
flight,SR10,r200,20,164,217,3543,43,139891,168,False
flight,SR10,r180,20,164,198,3214,39,127636,168,False
flight,SR10,r200,40,164,206,2838,35,142167,168,False
flight,SR10,r180,40,164,187,2565,31,129598,168,False
flight,SR11,r200,20,164,178,2028,25,146520,168,False
flight,SR11,r180,20,164,163,1836,22,135089,168,True
flight,SR11,r200,40,164,175,1821,22,150421,168,False
flight,SR11,r180,40,164,157,1652,20,138020,168,True
flight,SR12,r200,20,164,167,1481,17,152539,168,True
flight,SR12,r180,20,164,152,1342,15,141768,168,True
flight,SR12,r200,40,164,169,1333,16,157307,168,False
flight,SR12,r180,40,164,152,1204,14,145408,168,True
flight,SR13,r200,20,164,151,1169,14,158889,168,True
flight,SR13,r180,20,164,141,1060,13,148804,168,True
flight,SR13,r200,40,164,154,1052,12,165645,168,True
flight,SR13,r180,40,164,139,959,11,154006,168,True
flight,SR14,r200,20,164,185,2099,25,146035,168,False
flight,SR14,r180,20,164,168,1906,23,134538,168,True
flight,SR14,r200,40,164,179,1875,23,149773,168,False
flight,SR14,r180,40,164,163,1695,21,137444,168,True
flight,SR15,r200,20,164,186,2137,29,145865,168,False
flight,SR15,r180,20,164,172,1943,26,134440,168,False
flight,SR15,r200,40,164,180,1889,24,149500,168,False
flight,SR15,r180,40,164,166,1717,22,137249,168,True
flight,SR16,r200,20,164,152,1239,14,157384,168,True
flight,SR16,r180,20,164,140,1124,12,147184,168,True
flight,SR16,r200,40,164,153,1111,13,163587,168,True
flight,SR16,r180,40,164,143,1008,11,152225,168,True
flight,SR17,r200,20,164,221,3638,44,139538,168,False
flight,SR17,r180,20,164,201,3299,39,127281,168,False
flight,SR17,r200,40,164,205,2876,37,141400,168,False
flight,SR17,r180,40,164,186,2603,33,128864,168,False
flight,SR18,r200,20,164,180,2093,24,146089,168,False
flight,SR18,r180,20,164,167,1900,22,134541,168,True
flight,SR18,r200,40,164,175,1874,23,149936,168,False
flight,SR18,r180,40,164,160,1697,21,137543,168,True
flight,SR19,r200,20,164,166,1518,20,152048,168,True
flight,SR19,r180,20,164,152,1379,18,141179,168,True
flight,SR19,r200,40,164,165,1361,16,156908,168,True
flight,SR19,r180,40,164,150,1246,15,145161,168,True
flight,SR20,r200,20,164,155,1225,14,157995,168,True
flight,SR20,r180,20,164,144,1122,13,147726,168,True
flight,SR20,r200,40,164,156,1083,13,164893,168,True
flight,SR20,r180,40,164,143,994,11,153388,168,True
flight,SR21,r200,20,164,213,3668,47,139631,168,False
flight,SR21,r180,20,164,196,3311,42,127346,168,False
flight,SR21,r200,40,164,203,2879,37,141346,168,False
flight,SR21,r180,40,164,184,2606,33,128759,168,False
flight,SR22,r200,20,164,165,1534,19,151992,168,True
flight,SR22,r180,20,164,153,1399,17,141160,168,True
flight,SR22,r200,40,164,161,1385,17,156829,168,True
flight,SR22,r180,40,164,147,1259,15,144925,168,True
flight,SR23,r200,20,164,223,3646,46,139656,168,False
flight,SR23,r180,20,164,201,3301,41,127424,168,False
flight,SR23,r200,40,164,206,2881,37,141528,168,False
flight,SR23,r180,40,164,188,2596,33,128975,168,False
flight,SR24,r200,20,164,189,2118,28,145837,168,False
flight,SR24,r180,20,164,170,1931,25,134261,168,False
flight,SR24,r200,40,164,178,1890,23,149270,168,False
flight,SR24,r180,40,164,162,1716,21,136981,168,True
flight,SR25,r200,20,164,169,1551,18,151846,168,False
flight,SR25,r180,20,164,155,1407,16,140987,168,True
flight,SR25,r200,40,164,164,1391,17,156753,168,True
flight,SR25,r180,40,164,149,1262,15,144862,168,True
flight,SR26,r200,20,164,156,1225,16,158072,168,True
flight,SR26,r180,20,164,146,1115,14,147761,168,True
flight,SR26,r200,40,164,155,1095,14,164351,168,True
flight,SR26,r180,40,164,144,1003,12,152604,168,True
flight,SR27,r200,20,164,185,2162,26,145501,168,False
flight,SR27,r180,20,164,168,1957,23,133904,168,True
flight,SR27,r200,40,164,177,1927,24,148981,168,False
flight,SR27,r180,40,164,160,1744,22,136747,168,True
flight,SR28,r200,20,164,184,2190,29,145254,168,False
flight,SR28,r180,20,164,168,1989,26,133655,168,True
flight,SR28,r200,40,164,174,1954,24,148578,168,False
flight,SR28,r180,40,164,161,1768,22,136339,168,True
flight,SR29,r200,20,164,157,1270,15,156450,168,True
flight,SR29,r180,20,164,144,1163,14,146085,168,True
flight,SR29,r200,40,164,155,1142,15,162598,168,True
flight,SR29,r180,40,164,142,1031,13,151031,168,True
flight,SR30,r200,20,164,231,3755,51,138729,168,False
flight,SR30,r180,20,164,209,3406,46,126569,168,False
flight,SR30,r200,40,164,207,2945,37,140106,168,False
flight,SR30,r180,40,164,189,2668,34,127604,168,False
flight,SR31,r200,20,164,187,2195,26,145180,168,False
flight,SR31,r180,20,164,170,1988,23,133523,168,False
flight,SR31,r200,40,164,185,1950,23,148447,168,False
flight,SR31,r180,40,164,168,1775,21,136121,168,True
flight,SR32,r200,20,164,173,1594,19,151218,168,False
flight,SR32,r180,20,164,159,1449,17,140340,168,True
flight,SR32,r200,40,164,170,1436,18,156095,168,False
flight,SR32,r180,40,164,156,1302,16,144071,168,True
flight,SR33,r200,20,164,158,1292,16,156804,168,True
flight,SR33,r180,20,164,146,1169,14,146443,168,True
flight,SR33,r200,40,164,156,1147,14,162509,168,True
flight,SR33,r180,40,164,146,1043,12,150820,168,True
flight,SR34,r200,20,164,218,3750,45,139161,168,False
flight,SR34,r180,20,164,197,3394,41,126864,168,False
flight,SR34,r200,40,164,203,2939,38,140588,168,False
flight,SR34,r180,40,164,185,2659,34,127998,168,False
flight,SR35,r200,20,164,176,1592,20,150986,168,False
flight,SR35,r180,20,164,159,1451,18,140100,168,True
flight,SR35,r200,40,164,170,1431,18,155755,168,False
flight,SR35,r180,40,164,157,1297,16,144026,168,True
flight,SR36,r200,20,164,223,3766,47,139109,168,False
flight,SR36,r180,20,164,205,3410,42,126807,168,False
flight,SR36,r200,40,164,210,2946,37,140497,168,False
flight,SR36,r180,40,164,190,2668,33,127990,168,False
flight,SR37,r200,20,164,187,2187,28,145306,168,False
flight,SR37,r180,20,164,171,1976,25,133651,168,False
flight,SR37,r200,40,164,182,1938,26,148564,168,False
flight,SR37,r180,40,164,169,1756,23,136255,168,False
flight,SR38,r200,20,164,167,1584,18,151096,168,True
flight,SR38,r180,20,164,153,1446,16,140237,168,True
flight,SR38,r200,40,164,165,1425,17,155943,168,True
flight,SR38,r180,40,164,150,1296,15,144010,168,True
flight,SR39,r200,20,164,157,1264,15,156298,168,True
flight,SR39,r180,20,164,143,1162,14,145934,168,True
flight,SR39,r200,40,164,154,1137,13,162200,168,True
flight,SR39,r180,40,164,140,1041,12,150569,168,True
airline,N1,r200,20,57,164,874,86,140418,168,True
airline,N1,r180,20,57,150,799,78,128340,168,True
airline,N1,r200,40,57,161,794,80,142415,168,True
airline,N1,r180,40,57,146,723,72,129738,168,True
airline,N2,r200,20,57,165,884,81,140420,168,True
airline,N2,r180,20,57,150,799,73,128184,168,True
airline,N2,r200,40,57,161,808,78,142265,168,True
airline,N2,r180,40,57,146,730,70,129620,168,True
airline,N3,r200,20,57,138,534,61,146510,168,True
airline,N3,r180,20,57,128,485,55,135083,168,True
airline,N3,r200,40,57,135,484,60,149936,168,True
airline,N3,r180,40,57,123,439,54,137584,168,True
airline,N4,r200,20,57,214,1478,109,137191,168,False
airline,N4,r180,20,57,194,1334,98,124637,168,False
airline,N4,r200,40,57,197,1220,96,138584,168,False
airline,N4,r180,40,57,178,1099,87,125816,168,False
airline,N5,r200,20,57,169,884,82,140266,168,False
airline,N5,r180,20,57,153,802,74,128015,168,True
airline,N5,r200,40,57,165,804,78,142004,168,True
airline,N5,r180,40,57,149,724,70,129307,168,True
airline,N6,r200,20,57,148,660,68,143593,168,True
airline,N6,r180,20,57,134,600,61,131820,168,True
airline,N6,r200,40,57,145,598,65,146353,168,True
airline,N6,r180,40,57,132,547,59,133893,168,True
airline,N7,r200,20,57,136,526,59,146439,168,True
airline,N7,r180,20,57,126,481,53,134960,168,True
airline,N7,r200,40,57,136,486,57,149403,168,True
airline,N7,r180,40,57,123,436,51,137064,168,True
airline,N8,r200,20,57,216,1469,102,137143,168,False
airline,N8,r180,20,57,194,1326,92,124551,168,False
airline,N8,r200,40,57,200,1218,93,138442,168,False
airline,N8,r180,40,57,181,1105,84,125568,168,False
airline,N9,r200,20,57,143,653,69,143500,168,True
airline,N9,r180,20,57,131,596,63,131695,168,True
airline,N9,r200,40,57,143,600,67,146190,168,True
airline,N9,r180,40,57,130,547,60,133856,168,True
airline,N10,r200,20,57,216,1482,109,137082,168,False
airline,N10,r180,20,57,196,1337,98,124498,168,False
airline,N10,r200,40,57,200,1223,94,138159,168,False
airline,N10,r180,40,57,181,1106,85,125382,168,False
airline,N11,r200,20,57,172,877,82,140453,168,False
airline,N11,r180,20,57,155,798,74,128294,168,True
airline,N11,r200,40,57,166,791,78,142266,168,True
airline,N11,r180,40,57,150,721,70,129637,168,True
airline,N12,r200,20,57,147,648,68,143381,168,True
airline,N12,r180,20,57,134,590,61,131624,168,True
airline,N12,r200,40,57,145,591,65,145823,168,True
airline,N12,r180,40,57,134,537,59,133328,168,True
airline,N13,r200,20,57,144,535,60,146211,168,True
airline,N13,r180,20,57,130,489,54,134795,168,True
airline,N13,r200,40,57,139,491,58,149227,168,True
airline,N13,r180,40,57,125,440,52,137032,168,True
airline,U1,r200,20,57,143,433,54,141896,168,True
airline,U1,r180,20,57,131,395,49,130173,168,True
airline,U1,r200,40,57,141,389,52,143615,168,True
airline,U1,r180,40,57,128,355,47,131151,168,True
airline,EG0,r200,20,57,148,753,71,141865,168,True
airline,EG0,r180,20,57,136,679,64,130272,168,True
airline,EG0,r200,40,57,149,670,68,143806,168,True
airline,EG0,r180,40,57,134,602,61,131481,168,True
airline,EG1,r200,20,57,140,552,56,141963,168,True
airline,EG1,r180,20,57,130,503,51,130291,168,True
airline,EG1,r200,40,57,141,494,54,143693,168,True
airline,EG1,r180,40,57,128,453,49,131485,168,True
airline,EG2,r200,20,57,142,513,58,142008,168,True
airline,EG2,r180,20,57,129,466,52,130198,168,True
airline,EG2,r200,40,57,141,457,55,143723,168,True
airline,EG2,r180,40,57,129,415,50,131167,168,True
airline,EG3,r200,20,57,170,1171,84,141627,168,False
airline,EG3,r180,20,57,154,1057,76,129583,168,True
airline,EG3,r200,40,57,169,941,79,144017,168,False
airline,EG3,r180,40,57,153,854,71,131479,168,True
airline,EG4,r200,20,57,215,1783,114,138582,168,False
airline,EG4,r180,20,57,195,1607,102,126150,168,False
airline,EG4,r200,40,57,197,1259,95,140452,168,False
airline,EG4,r180,40,57,179,1137,86,127700,168,False
airline,EG5,r200,20,57,244,2413,144,136210,168,False
airline,EG5,r180,20,57,222,2173,130,123578,168,False
airline,EG5,r200,40,57,223,1432,109,137699,168,False
airline,EG5,r180,40,57,202,1291,98,124810,168,False
airline,ED0,r200,20,57,160,765,79,141848,168,True
airline,ED0,r180,20,57,146,692,71,130095,168,True
airline,ED0,r200,40,57,150,675,71,143077,168,True
airline,ED0,r180,40,57,136,609,64,130613,168,True
airline,ED1,r200,20,57,142,559,64,141963,168,True
airline,ED1,r180,20,57,131,510,58,130193,168,True
airline,ED1,r200,40,57,139,498,60,143466,168,True
airline,ED1,r180,40,57,127,451,54,130993,168,True
airline,ED2,r200,20,57,140,496,63,141888,168,True
airline,ED2,r180,20,57,129,457,57,130066,168,True
airline,ED2,r200,40,57,135,449,59,143376,168,True
airline,ED2,r180,40,57,125,410,53,130815,168,True
airline,ED3,r200,20,57,189,1168,94,141241,168,False
airline,ED3,r180,20,57,171,1053,85,129306,168,False
airline,ED3,r200,40,57,172,963,83,142704,168,False
airline,ED3,r180,40,57,155,869,75,130332,168,True
airline,ED4,r200,20,57,211,1791,121,137535,168,False
airline,ED4,r180,20,57,193,1623,109,125249,168,False
airline,ED4,r200,40,57,198,1261,96,138310,168,False
airline,ED4,r180,40,57,179,1138,86,125806,168,False
airline,ED5,r200,20,57,251,2413,141,134465,168,False
airline,ED5,r180,20,57,226,2177,127,121971,168,False
airline,ED5,r200,40,57,222,1435,108,134532,168,False
airline,ED5,r180,40,57,201,1291,97,121960,168,False
airline,SL1,r200,20,57,173,891,81,140475,168,False
airline,SL1,r180,20,57,157,805,73,128350,168,True
airline,SL1,r200,40,57,165,804,77,142336,168,True
airline,SL1,r180,40,57,150,735,70,129725,168,True
airline,SL2,r200,20,57,170,899,80,140534,168,False
airline,SL2,r180,20,57,153,818,72,128385,168,True
airline,SL2,r200,40,57,160,803,75,142471,168,True
airline,SL2,r180,40,57,145,726,68,129866,168,True
airline,SL3,r200,20,57,138,553,63,146679,168,True
airline,SL3,r180,20,57,127,501,57,135253,168,True
airline,SL3,r200,40,57,137,503,61,149795,168,True
airline,SL3,r180,40,57,125,459,55,137600,168,True
airline,SL4,r200,20,57,211,1525,109,137049,168,False
airline,SL4,r180,20,57,191,1378,98,124526,168,False
airline,SL4,r200,40,57,201,1227,94,138398,168,False
airline,SL4,r180,40,57,184,1110,85,125569,168,False
airline,SL5,r200,20,57,165,911,79,140587,168,True
airline,SL5,r180,20,57,152,822,72,128478,168,True
airline,SL5,r200,40,57,159,818,76,142528,168,True
airline,SL5,r180,40,57,147,740,68,130002,168,True
airline,SL6,r200,20,57,143,676,73,143395,168,True
airline,SL6,r180,20,57,131,617,66,131669,168,True
airline,SL6,r200,40,57,143,614,67,146139,168,True
airline,SL6,r180,40,57,131,557,61,133737,168,True
airline,SL7,r200,20,57,142,550,60,146554,168,True
airline,SL7,r180,20,57,130,500,54,135041,168,True
airline,SL7,r200,40,57,143,499,58,149681,168,True
airline,SL7,r180,40,57,128,452,53,137313,168,True
airline,SL8,r200,20,57,215,1528,105,137162,168,False
airline,SL8,r180,20,57,193,1381,94,124633,168,False
airline,SL8,r200,40,57,201,1232,95,138590,168,False
airline,SL8,r180,40,57,183,1112,85,125751,168,False
airline,SL9,r200,20,57,147,662,68,143537,168,True
airline,SL9,r180,20,57,135,602,61,131788,168,True
airline,SL9,r200,40,57,148,608,66,146126,168,True
airline,SL9,r180,40,57,135,558,60,133735,168,True
airline,SL10,r200,20,57,215,1529,110,137013,168,False
airline,SL10,r180,20,57,195,1379,99,124500,168,False
airline,SL10,r200,40,57,199,1228,96,138187,168,False
airline,SL10,r180,40,57,179,1111,86,125415,168,False
airline,SL11,r200,20,57,173,924,86,140326,168,False
airline,SL11,r180,20,57,158,837,77,128219,168,True
airline,SL11,r200,40,57,165,832,81,142286,168,True
airline,SL11,r180,40,57,150,747,73,129626,168,True
airline,SL12,r200,20,57,148,664,66,143634,168,True
airline,SL12,r180,20,57,136,604,60,131811,168,True
airline,SL12,r200,40,57,148,613,64,146230,168,True
airline,SL12,r180,40,57,135,553,58,133774,168,True
airline,SL13,r200,20,57,144,548,61,146334,168,True
airline,SL13,r180,20,57,133,493,55,134881,168,True
airline,SL13,r200,40,57,144,500,58,149673,168,True
airline,SL13,r180,40,57,133,453,52,137212,168,True
airline,SL14,r200,20,57,165,930,80,140253,168,True
airline,SL14,r180,20,57,151,839,72,128068,168,True
airline,SL14,r200,40,57,159,835,77,142119,168,True
airline,SL14,r180,40,57,146,752,70,129536,168,True
airline,SL15,r200,20,57,164,932,81,140147,168,True
airline,SL15,r180,20,57,150,844,73,128028,168,True
airline,SL15,r200,40,57,156,832,77,142046,168,True
airline,SL15,r180,40,57,143,752,69,129317,168,True
airline,SL16,r200,20,57,141,571,65,145738,168,True
airline,SL16,r180,20,57,129,521,58,134216,168,True
airline,SL16,r200,40,57,139,525,62,148824,168,True
airline,SL16,r180,40,57,127,478,56,136412,168,True
airline,SL17,r200,20,57,210,1567,105,136996,168,False
airline,SL17,r180,20,57,191,1414,94,124342,168,False
airline,SL17,r200,40,57,197,1251,97,138260,168,False
airline,SL17,r180,40,57,178,1130,87,125413,168,False
airline,SL18,r200,20,57,170,936,83,140191,168,False
airline,SL18,r180,20,57,154,846,75,128081,168,True
airline,SL18,r200,40,57,165,838,77,142200,168,True
airline,SL18,r180,40,57,150,758,69,129547,168,True
airline,SL19,r200,20,57,146,679,68,143326,168,True
airline,SL19,r180,20,57,133,617,61,131541,168,True
airline,SL19,r200,40,57,146,621,65,146016,168,True
airline,SL19,r180,40,57,134,562,58,133384,168,True
airline,SL20,r200,20,57,144,573,62,146089,168,True
airline,SL20,r180,20,57,133,524,56,134598,168,True
airline,SL20,r200,40,57,141,519,60,149420,168,True
airline,SL20,r180,40,57,130,471,54,137080,168,True
airline,SL21,r200,20,57,209,1552,102,137015,168,False
airline,SL21,r180,20,57,188,1404,92,124448,168,False
airline,SL21,r200,40,57,197,1247,93,138430,168,False
airline,SL21,r180,40,57,178,1121,84,125625,168,False
airline,SL22,r200,20,57,148,693,70,143027,168,True
airline,SL22,r180,20,57,135,627,63,131168,168,True
airline,SL22,r200,40,57,149,632,68,145607,168,True
airline,SL22,r180,40,57,135,579,61,133224,168,True
airline,SL23,r200,20,57,209,1580,107,137028,168,False
airline,SL23,r180,20,57,189,1426,96,124413,168,False
airline,SL23,r200,40,57,194,1251,95,138457,168,False
airline,SL23,r180,40,57,176,1134,86,125587,168,False
airline,SL24,r200,20,57,175,920,78,140085,168,False
airline,SL24,r180,20,57,160,834,71,127886,168,True
airline,SL24,r200,40,57,166,836,77,142099,168,True
airline,SL24,r180,40,57,149,755,69,129426,168,True
airline,SL25,r200,20,57,148,709,75,142994,168,True
airline,SL25,r180,20,57,135,647,68,131087,168,True
airline,SL25,r200,40,57,151,641,68,145455,168,True
airline,SL25,r180,40,57,136,579,62,133035,168,True
airline,SL26,r200,20,57,140,570,61,145788,168,True
airline,SL26,r180,20,57,128,522,55,134280,168,True
airline,SL26,r200,40,57,140,524,60,148740,168,True
airline,SL26,r180,40,57,129,475,54,136518,168,True
airline,SL27,r200,20,57,169,967,80,139924,168,False
airline,SL27,r180,20,57,152,874,72,127655,168,True
airline,SL27,r200,40,57,160,863,77,141613,168,True
airline,SL27,r180,40,57,146,780,69,128998,168,True
airline,SL28,r200,20,57,179,954,81,139829,168,False
airline,SL28,r180,20,57,161,866,73,127580,168,True
airline,SL28,r200,40,57,172,857,78,141674,168,False
airline,SL28,r180,40,57,156,777,70,129042,168,True
airline,SL29,r200,20,57,142,581,60,145688,168,True
airline,SL29,r180,20,57,131,529,54,134086,168,True
airline,SL29,r200,40,57,142,528,58,148924,168,True
airline,SL29,r180,40,57,130,478,52,136520,168,True
airline,SL30,r200,20,57,215,1628,110,136832,168,False
airline,SL30,r180,20,57,194,1471,99,124268,168,False
airline,SL30,r200,40,57,201,1275,100,138121,168,False
airline,SL30,r180,40,57,182,1150,90,125225,168,False
airline,SL31,r200,20,57,170,966,79,139863,168,False
airline,SL31,r180,20,57,155,872,71,127581,168,True
airline,SL31,r200,40,57,164,863,76,141773,168,True
airline,SL31,r180,40,57,148,779,69,129036,168,True
airline,SL32,r200,20,57,149,721,70,142986,168,True
airline,SL32,r180,20,57,137,656,63,131110,168,True
airline,SL32,r200,40,57,147,650,66,145662,168,True
airline,SL32,r180,40,57,134,589,59,133120,168,True
airline,SL33,r200,20,57,145,589,63,145240,168,True
airline,SL33,r180,20,57,134,532,57,133670,168,True
airline,SL33,r200,40,57,145,531,60,148579,168,True
airline,SL33,r180,40,57,133,486,54,136123,168,True
airline,SL34,r200,20,57,205,1622,107,136900,168,False
airline,SL34,r180,20,57,186,1462,96,124276,168,False
airline,SL34,r200,40,57,198,1270,97,138289,168,False
airline,SL34,r180,40,57,178,1152,87,125459,168,False
airline,SL35,r200,20,57,151,707,69,142483,168,True
airline,SL35,r180,20,57,136,638,62,130518,168,True
airline,SL35,r200,40,57,146,648,68,145077,168,True
airline,SL35,r180,40,57,133,587,61,132529,168,True
airline,SL36,r200,20,57,218,1624,114,136804,168,False
airline,SL36,r180,20,57,197,1472,103,124272,168,False
airline,SL36,r200,40,57,200,1275,97,138136,168,False
airline,SL36,r180,40,57,180,1151,87,125297,168,False
airline,SL37,r200,20,57,171,963,82,139933,168,False
airline,SL37,r180,20,57,155,868,74,127747,168,True
airline,SL37,r200,40,57,165,858,77,141808,168,True
airline,SL37,r180,40,57,152,778,69,129256,168,True
airline,SL38,r200,20,57,151,720,69,142682,168,True
airline,SL38,r180,20,57,137,649,62,130808,168,True
airline,SL38,r200,40,57,145,662,67,145171,168,True
airline,SL38,r180,40,57,132,595,60,132849,168,True
airline,SL39,r200,20,57,146,595,62,145430,168,True
airline,SL39,r180,20,57,133,539,56,133867,168,True
airline,SL39,r200,40,57,143,534,57,148348,168,True
airline,SL39,r180,40,57,131,488,52,136063,168,True
airline,SR1,r200,20,57,174,913,87,140400,168,False
airline,SR1,r180,20,57,161,823,78,128306,168,True
airline,SR1,r200,40,57,168,830,84,142204,168,True
airline,SR1,r180,40,57,151,752,75,129541,168,True
airline,SR2,r200,20,57,169,902,80,140327,168,False
airline,SR2,r180,20,57,153,818,72,128157,168,True
airline,SR2,r200,40,57,166,819,78,142223,168,True
airline,SR2,r180,40,57,150,739,70,129482,168,True
airline,SR3,r200,20,57,140,560,64,146520,168,True
airline,SR3,r180,20,57,129,511,58,134964,168,True
airline,SR3,r200,40,57,140,512,62,149861,168,True
airline,SR3,r180,40,57,128,462,56,137466,168,True
airline,SR4,r200,20,57,221,1521,110,137193,168,False
airline,SR4,r180,20,57,200,1375,99,124662,168,False
airline,SR4,r200,40,57,199,1226,96,138172,168,False
airline,SR4,r180,40,57,180,1105,86,125407,168,False
airline,SR5,r200,20,57,172,919,86,140419,168,False
airline,SR5,r180,20,57,155,830,77,128183,168,True
airline,SR5,r200,40,57,166,830,80,142329,168,True
airline,SR5,r180,40,57,150,747,72,129667,168,True
airline,SR6,r200,20,57,152,664,70,143677,168,True
airline,SR6,r180,20,57,141,603,63,131913,168,True
airline,SR6,r200,40,57,151,609,68,146270,168,True
airline,SR6,r180,40,57,135,557,62,133783,168,True
airline,SR7,r200,20,57,138,551,64,146273,168,True
airline,SR7,r180,20,57,126,500,57,134835,168,True
airline,SR7,r200,40,57,137,504,60,149301,168,True
airline,SR7,r180,40,57,125,454,54,137020,168,True
airline,SR8,r200,20,57,221,1507,106,137112,168,False
airline,SR8,r180,20,57,198,1362,96,124576,168,False
airline,SR8,r200,40,57,203,1227,93,137970,168,False
airline,SR8,r180,40,57,183,1108,84,125250,168,False
airline,SR9,r200,20,57,157,675,69,143874,168,True
airline,SR9,r180,20,57,143,615,62,132071,168,True
airline,SR9,r200,40,57,152,610,66,146334,168,True
airline,SR9,r180,40,57,136,558,60,133857,168,True
airline,SR10,r200,20,57,213,1520,109,137107,168,False
airline,SR10,r180,20,57,193,1380,99,124516,168,False
airline,SR10,r200,40,57,201,1227,96,138177,168,False
airline,SR10,r180,40,57,180,1106,87,125387,168,False
airline,SR11,r200,20,57,171,906,83,140514,168,False
airline,SR11,r180,20,57,155,818,75,128333,168,True
airline,SR11,r200,40,57,166,822,78,142473,168,True
airline,SR11,r180,40,57,149,744,70,129790,168,True
airline,SR12,r200,20,57,157,679,72,143513,168,True
airline,SR12,r180,20,57,141,608,65,131720,168,True
airline,SR12,r200,40,57,156,613,67,145876,168,True
airline,SR12,r180,40,57,140,555,60,133482,168,True
airline,SR13,r200,20,57,139,547,62,146391,168,True
airline,SR13,r180,20,57,127,496,56,135067,168,True
airline,SR13,r200,40,57,139,499,60,149596,168,True
airline,SR13,r180,40,57,126,452,54,137303,168,True
airline,SR14,r200,20,57,178,928,85,140290,168,False
airline,SR14,r180,20,57,161,839,77,128139,168,True
airline,SR14,r200,40,57,171,843,81,142106,168,False
airline,SR14,r180,40,57,155,762,73,129461,168,True
airline,SR15,r200,20,57,180,953,87,140078,168,False
airline,SR15,r180,20,57,163,865,79,127914,168,True
airline,SR15,r200,40,57,172,850,82,141962,168,False
airline,SR15,r180,40,57,156,770,74,129278,168,True
airline,SR16,r200,20,57,140,578,67,145897,168,True
airline,SR16,r180,20,57,130,520,60,134413,168,True
airline,SR16,r200,40,57,142,522,64,148952,168,True
airline,SR16,r180,40,57,130,476,58,136661,168,True
airline,SR17,r200,20,57,217,1567,109,136935,168,False
airline,SR17,r180,20,57,196,1415,98,124329,168,False
airline,SR17,r200,40,57,200,1248,97,137623,168,False
airline,SR17,r180,40,57,180,1128,87,124856,168,False
airline,SR18,r200,20,57,175,946,86,140356,168,False
airline,SR18,r180,20,57,158,856,77,128107,168,True
airline,SR18,r200,40,57,167,850,81,142351,168,True
airline,SR18,r180,40,57,152,771,73,129639,168,True
airline,SR19,r200,20,57,156,698,71,143314,168,True
airline,SR19,r180,20,57,142,635,64,131463,168,True
airline,SR19,r200,40,57,153,632,68,145742,168,True
airline,SR19,r180,40,57,139,578,61,133287,168,True
airline,SR20,r200,20,57,147,572,62,146149,168,True
airline,SR20,r180,20,57,135,518,56,134632,168,True
airline,SR20,r200,40,57,143,518,60,149693,168,True
airline,SR20,r180,40,57,131,475,54,137324,168,True
airline,SR21,r200,20,57,211,1590,115,136830,168,False
airline,SR21,r180,20,57,192,1434,104,124266,168,False
airline,SR21,r200,40,57,197,1253,98,137389,168,False
airline,SR21,r180,40,57,179,1132,89,124603,168,False
airline,SR22,r200,20,57,156,711,72,143139,168,True
airline,SR22,r180,20,57,144,642,65,131226,168,True
airline,SR22,r200,40,57,151,639,70,145578,168,True
airline,SR22,r180,40,57,136,583,63,133061,168,True
airline,SR23,r200,20,57,220,1564,109,136932,168,False
airline,SR23,r180,20,57,198,1413,98,124403,168,False
airline,SR23,r200,40,57,200,1245,95,137694,168,False
airline,SR23,r180,40,57,181,1121,85,124913,168,False
airline,SR24,r200,20,57,182,951,88,140172,168,False
airline,SR24,r180,20,57,163,863,80,127914,168,True
airline,SR24,r200,40,57,171,853,83,141824,168,False
airline,SR24,r180,40,57,153,771,75,129183,168,True
airline,SR25,r200,20,57,160,705,75,142974,168,True
airline,SR25,r180,20,57,144,638,68,131125,168,True
airline,SR25,r200,40,57,153,644,72,145421,168,True
airline,SR25,r180,40,57,138,581,65,132988,168,True
airline,SR26,r200,20,57,146,578,65,146079,168,True
airline,SR26,r180,20,57,132,527,58,134619,168,True
airline,SR26,r200,40,57,142,525,63,149037,168,True
airline,SR26,r180,40,57,129,482,57,136696,168,True
airline,SR27,r200,20,57,176,957,87,139800,168,False
airline,SR27,r180,20,57,159,865,79,127554,168,True
airline,SR27,r200,40,57,166,863,81,141431,168,True
airline,SR27,r180,40,57,151,777,73,128816,168,True
airline,SR28,r200,20,57,177,981,93,139941,168,False
airline,SR28,r180,20,57,162,888,83,127656,168,True
airline,SR28,r200,40,57,169,879,84,141470,168,False
airline,SR28,r180,40,57,153,792,76,128855,168,True
airline,SR29,r200,20,57,148,595,67,145350,168,True
airline,SR29,r180,20,57,134,540,60,133732,168,True
airline,SR29,r200,40,57,142,535,62,148251,168,True
airline,SR29,r180,40,57,130,488,56,135976,168,True
airline,SR30,r200,20,57,227,1604,117,136312,168,False
airline,SR30,r180,20,57,205,1454,105,123771,168,False
airline,SR30,r200,40,57,204,1269,96,136571,168,False
airline,SR30,r180,40,57,184,1147,86,123856,168,False
airline,SR31,r200,20,57,181,991,92,139742,168,False
airline,SR31,r180,20,57,163,899,83,127495,168,True
airline,SR31,r200,40,57,175,882,83,141342,168,False
airline,SR31,r180,40,57,160,800,75,128685,168,True
airline,SR32,r200,20,57,162,734,74,142732,168,True
airline,SR32,r180,20,57,148,665,67,130800,168,True
airline,SR32,r200,40,57,158,663,71,145006,168,True
airline,SR32,r180,40,57,144,603,64,132456,168,True
airline,SR33,r200,20,57,149,602,69,145487,168,True
airline,SR33,r180,20,57,135,547,62,133788,168,True
airline,SR33,r200,40,57,144,538,62,148215,168,True
airline,SR33,r180,40,57,133,486,56,135891,168,True
airline,SR34,r200,20,57,216,1624,118,136595,168,False
airline,SR34,r180,20,57,195,1470,106,123996,168,False
airline,SR34,r200,40,57,198,1277,98,136872,168,False
airline,SR34,r180,40,57,181,1153,88,124154,168,False
airline,SR35,r200,20,57,165,732,77,142748,168,True
airline,SR35,r180,20,57,148,666,70,130856,168,True
airline,SR35,r200,40,57,159,659,71,145165,168,True
airline,SR35,r180,40,57,144,598,64,132707,168,True
airline,SR36,r200,20,57,222,1614,116,136625,168,False
airline,SR36,r180,20,57,202,1462,105,124079,168,False
airline,SR36,r200,40,57,203,1271,97,136907,168,False
airline,SR36,r180,40,57,185,1150,87,124241,168,False
airline,SR37,r200,20,57,180,985,88,139905,168,False
airline,SR37,r180,20,57,164,887,79,127576,168,True
airline,SR37,r200,40,57,174,870,81,141321,168,False
airline,SR37,r180,40,57,159,791,73,128618,168,True
airline,SR38,r200,20,57,157,730,77,142708,168,True
airline,SR38,r180,20,57,145,665,69,130879,168,True
airline,SR38,r200,40,57,154,663,72,145211,168,True
airline,SR38,r180,40,57,138,603,65,132673,168,True
airline,SR39,r200,20,57,145,586,67,145392,168,True
airline,SR39,r180,20,57,131,534,60,133675,168,True
airline,SR39,r200,40,57,140,534,65,148191,168,True
airline,SR39,r180,40,57,130,487,58,135852,168,True
gha,N1,r200,20,4,159,217,100,133834,168,True
gha,N1,r180,20,4,143,195,90,120871,168,True
gha,N1,r200,40,4,154,206,97,134032,168,True
gha,N1,r180,40,4,139,187,87,120960,168,True
gha,N2,r200,20,4,159,219,102,133782,168,True
gha,N2,r180,20,4,144,197,92,120796,168,True
gha,N2,r200,40,4,156,211,99,133944,168,True
gha,N2,r180,40,4,140,191,90,120859,168,True
gha,N3,r200,20,4,131,177,85,134177,168,True
gha,N3,r180,20,4,118,159,76,121295,168,True
gha,N3,r200,40,4,125,166,80,134483,168,True
gha,N3,r180,40,4,112,149,72,121398,168,True
gha,N4,r200,20,4,211,286,129,133612,168,False
gha,N4,r180,20,4,190,259,116,120648,168,False
gha,N4,r200,40,4,192,261,121,133776,168,False
gha,N4,r180,40,4,172,236,109,120693,168,False
gha,N5,r200,20,4,160,213,98,133795,168,True
gha,N5,r180,20,4,145,193,88,120806,168,True
gha,N5,r200,40,4,154,207,96,133957,168,True
gha,N5,r180,40,4,139,187,87,120884,168,True
gha,N6,r200,20,4,140,193,89,133989,168,True
gha,N6,r180,20,4,127,173,80,120989,168,True
gha,N6,r200,40,4,137,182,85,134181,168,True
gha,N6,r180,40,4,123,163,76,121131,168,True
gha,N7,r200,20,4,128,180,85,134114,168,True
gha,N7,r180,20,4,116,163,77,121177,168,True
gha,N7,r200,40,4,125,171,82,134339,168,True
gha,N7,r180,40,4,112,154,74,121256,168,True
gha,N8,r200,20,4,212,298,137,133626,168,False
gha,N8,r180,20,4,191,269,123,120618,168,False
gha,N8,r200,40,4,195,268,124,133672,168,False
gha,N8,r180,40,4,176,242,112,120567,168,False
gha,N9,r200,20,4,136,192,90,133933,168,True
gha,N9,r180,20,4,123,174,81,120981,168,True
gha,N9,r200,40,4,134,182,85,134142,168,True
gha,N9,r180,40,4,121,164,77,121069,168,True
gha,N10,r200,20,4,214,297,138,133578,168,False
gha,N10,r180,20,4,194,269,125,120591,168,False
gha,N10,r200,40,4,196,269,126,133490,168,False
gha,N10,r180,40,4,177,242,113,120409,168,False
gha,N11,r200,20,4,166,223,103,133776,168,True
gha,N11,r180,20,4,150,200,92,120787,168,True
gha,N11,r200,40,4,158,211,98,133890,168,True
gha,N11,r180,40,4,142,190,88,120839,168,True
gha,N12,r200,20,4,141,194,91,133978,168,True
gha,N12,r180,20,4,126,175,82,121032,168,True
gha,N12,r200,40,4,137,187,89,134203,168,True
gha,N12,r180,40,4,124,168,80,121123,168,True
gha,N13,r200,20,4,135,180,86,134109,168,True
gha,N13,r180,20,4,122,163,78,121206,168,True
gha,N13,r200,40,4,130,172,83,134347,168,True
gha,N13,r180,40,4,117,155,75,121327,168,True
gha,U1,r200,20,4,135,164,75,133761,168,True
gha,U1,r180,20,4,122,149,68,120837,168,True
gha,U1,r200,40,4,131,156,72,133796,168,True
gha,U1,r180,40,4,119,141,65,120732,168,True
gha,EG0,r200,20,4,142,201,93,133833,168,True
gha,EG0,r180,20,4,128,181,84,120881,168,True
gha,EG0,r200,40,4,137,193,90,134024,168,True
gha,EG0,r180,40,4,124,174,81,120901,168,True
gha,EG1,r200,20,4,131,175,83,133743,168,True
gha,EG1,r180,20,4,118,157,74,120859,168,True
gha,EG1,r200,40,4,130,168,78,133868,168,True
gha,EG1,r180,40,4,118,152,71,120842,168,True
gha,EG2,r200,20,4,133,173,81,133777,168,True
gha,EG2,r180,20,4,120,156,73,120850,168,True
gha,EG2,r200,40,4,131,163,77,133877,168,True
gha,EG2,r180,40,4,118,146,69,120814,168,True
gha,EG3,r200,20,4,162,247,109,133842,168,True
gha,EG3,r180,20,4,146,222,98,120885,168,True
gha,EG3,r200,40,4,159,227,100,134013,168,True
gha,EG3,r180,40,4,144,204,90,120916,168,True
gha,EG4,r200,20,4,210,314,133,133724,168,False
gha,EG4,r180,20,4,189,282,119,120726,168,False
gha,EG4,r200,40,4,192,267,119,133894,168,False
gha,EG4,r180,40,4,172,241,107,120763,168,False
gha,EG5,r200,20,4,243,402,166,133546,168,False
gha,EG5,r180,20,4,219,362,150,120547,168,False
gha,EG5,r200,40,4,220,303,138,133740,168,False
gha,EG5,r180,40,4,198,272,124,120672,168,False
gha,ED0,r200,20,4,154,211,103,133520,168,True
gha,ED0,r180,20,4,139,191,93,120592,168,True
gha,ED0,r200,40,4,143,191,93,133182,168,True
gha,ED0,r180,40,4,129,172,84,120235,168,True
gha,ED1,r200,20,4,134,184,91,133666,168,True
gha,ED1,r180,20,4,121,166,82,120726,168,True
gha,ED1,r200,40,4,129,171,83,133557,168,True
gha,ED1,r180,40,4,117,155,75,120508,168,True
gha,ED2,r200,20,4,131,177,85,133654,168,True
gha,ED2,r180,20,4,119,159,76,120786,168,True
gha,ED2,r200,40,4,126,169,81,133592,168,True
gha,ED2,r180,40,4,114,153,73,120568,168,True
gha,ED3,r200,20,4,184,253,119,133256,168,False
gha,ED3,r180,20,4,166,228,107,120380,168,True
gha,ED3,r200,40,4,166,227,106,132746,168,True
gha,ED3,r180,40,4,150,203,95,119771,168,True
gha,ED4,r200,20,4,207,314,135,132703,168,False
gha,ED4,r180,20,4,187,283,122,119821,168,False
gha,ED4,r200,40,4,193,267,122,131774,168,False
gha,ED4,r180,40,4,174,241,110,118891,168,False
gha,ED5,r200,20,4,246,395,162,131809,168,False
gha,ED5,r180,20,4,222,355,146,118980,168,False
gha,ED5,r200,40,4,216,295,133,130615,168,False
gha,ED5,r180,40,4,194,265,120,117853,168,False
gha,SL1,r200,20,4,167,222,104,133755,168,True
gha,SL1,r180,20,4,151,201,94,120837,168,True
gha,SL1,r200,40,4,157,211,98,133989,168,True
gha,SL1,r180,40,4,142,191,89,120906,168,True
gha,SL2,r200,20,4,161,224,99,133813,168,True
gha,SL2,r180,20,4,145,203,89,120792,168,True
gha,SL2,r200,40,4,153,209,92,133986,168,True
gha,SL2,r180,40,4,138,188,83,120910,168,True
gha,SL3,r200,20,4,131,181,87,134134,168,True
gha,SL3,r180,20,4,117,163,78,121156,168,True
gha,SL3,r200,40,4,125,173,83,134391,168,True
gha,SL3,r180,40,4,112,156,75,121286,168,True
gha,SL4,r200,20,4,207,297,132,133577,168,False
gha,SL4,r180,20,4,186,268,119,120598,168,False
gha,SL4,r200,40,4,196,268,125,133649,168,False
gha,SL4,r180,40,4,177,242,113,120609,168,False
gha,SL5,r200,20,4,159,221,100,133824,168,True
gha,SL5,r180,20,4,143,199,90,120835,168,True
gha,SL5,r200,40,4,152,210,95,134055,168,True
gha,SL5,r180,40,4,137,189,85,120966,168,True
gha,SL6,r200,20,4,138,196,91,133957,168,True
gha,SL6,r180,20,4,124,177,82,121016,168,True
gha,SL6,r200,40,4,135,187,88,134156,168,True
gha,SL6,r180,40,4,121,168,79,121131,168,True
gha,SL7,r200,20,4,132,174,84,134117,168,True
gha,SL7,r180,20,4,118,157,76,121212,168,True
gha,SL7,r200,40,4,130,170,83,134424,168,True
gha,SL7,r180,40,4,117,154,75,121292,168,True
gha,SL8,r200,20,4,211,298,129,133612,168,False
gha,SL8,r180,20,4,190,268,116,120625,168,False
gha,SL8,r200,40,4,197,271,125,133781,168,False
gha,SL8,r180,40,4,178,244,112,120707,168,False
gha,SL9,r200,20,4,140,198,92,133937,168,True
gha,SL9,r180,20,4,127,180,83,121035,168,True
gha,SL9,r200,40,4,140,191,90,134205,168,True
gha,SL9,r180,40,4,125,173,81,121133,168,True
gha,SL10,r200,20,4,211,300,133,133609,168,False
gha,SL10,r180,20,4,190,269,120,120630,168,False
gha,SL10,r200,40,4,194,268,123,133539,168,False
gha,SL10,r180,40,4,175,241,110,120470,168,False
gha,SL11,r200,20,4,167,233,105,133728,168,True
gha,SL11,r180,20,4,150,210,95,120795,168,True
gha,SL11,r200,40,4,158,219,100,133907,168,True
gha,SL11,r180,40,4,142,198,90,120819,168,True
gha,SL12,r200,20,4,141,189,88,133916,168,True
gha,SL12,r180,20,4,127,171,80,120982,168,True
gha,SL12,r200,40,4,137,183,86,134197,168,True
gha,SL12,r180,40,4,124,165,78,121091,168,True
gha,SL13,r200,20,4,135,175,83,134123,168,True
gha,SL13,r180,20,4,122,158,75,121185,168,True
gha,SL13,r200,40,4,133,169,82,134363,168,True
gha,SL13,r180,40,4,120,152,73,121318,168,True
gha,SL14,r200,20,4,160,228,101,133682,168,True
gha,SL14,r180,20,4,144,206,91,120752,168,True
gha,SL14,r200,40,4,152,211,95,133930,168,True
gha,SL14,r180,40,4,137,191,86,120870,168,True
gha,SL15,r200,20,4,159,236,103,133763,168,True
gha,SL15,r180,20,4,144,213,93,120816,168,True
gha,SL15,r200,40,4,150,214,95,133947,168,True
gha,SL15,r180,40,4,135,193,85,120898,168,True
gha,SL16,r200,20,4,131,175,86,134018,168,True
gha,SL16,r180,20,4,119,158,77,121089,168,True
gha,SL16,r200,40,4,128,169,83,134258,168,True
gha,SL16,r180,40,4,115,152,75,121187,168,True
gha,SL17,r200,20,4,207,297,133,133603,168,False
gha,SL17,r180,20,4,186,267,119,120589,168,False
gha,SL17,r200,40,4,193,268,122,133694,168,False
gha,SL17,r180,40,4,173,242,110,120604,168,False
gha,SL18,r200,20,4,164,228,103,133758,168,True
gha,SL18,r180,20,4,148,206,93,120804,168,True
gha,SL18,r200,40,4,157,209,95,133942,168,True
gha,SL18,r180,40,4,142,188,85,120854,168,True
gha,SL19,r200,20,4,137,189,86,133928,168,True
gha,SL19,r180,20,4,123,171,78,120982,168,True
gha,SL19,r200,40,4,135,181,85,134134,168,True
gha,SL19,r180,40,4,121,163,76,121034,168,True
gha,SL20,r200,20,4,136,179,89,134076,168,True
gha,SL20,r180,20,4,122,161,80,121139,168,True
gha,SL20,r200,40,4,129,170,83,134340,168,True
gha,SL20,r180,40,4,116,154,75,121276,168,True
gha,SL21,r200,20,4,204,298,130,133608,168,False
gha,SL21,r180,20,4,184,267,117,120606,168,False
gha,SL21,r200,40,4,193,271,123,133791,168,False
gha,SL21,r180,40,4,174,244,111,120672,168,False
gha,SL22,r200,20,4,141,199,90,133895,168,True
gha,SL22,r180,20,4,127,180,81,120900,168,True
gha,SL22,r200,40,4,139,192,88,134073,168,True
gha,SL22,r180,40,4,126,172,79,121017,168,True
gha,SL23,r200,20,4,205,297,132,133554,168,False
gha,SL23,r180,20,4,185,267,119,120583,168,False
gha,SL23,r200,40,4,190,266,120,133749,168,False
gha,SL23,r180,40,4,171,240,108,120683,168,False
gha,SL24,r200,20,4,168,232,106,133800,168,True
gha,SL24,r180,20,4,151,210,96,120837,168,True
gha,SL24,r200,40,4,155,216,100,134025,168,True
gha,SL24,r180,40,4,140,195,90,120957,168,True
gha,SL25,r200,20,4,141,200,95,133907,168,True
gha,SL25,r180,20,4,128,181,86,120977,168,True
gha,SL25,r200,40,4,140,190,90,134167,168,True
gha,SL25,r180,40,4,126,171,81,121098,168,True
gha,SL26,r200,20,4,130,174,83,134099,168,True
gha,SL26,r180,20,4,117,157,75,121142,168,True
gha,SL26,r200,40,4,129,168,82,134311,168,True
gha,SL26,r180,40,4,116,153,74,121238,168,True
gha,SL27,r200,20,4,161,226,100,133747,168,True
gha,SL27,r180,20,4,145,203,90,120786,168,True
gha,SL27,r200,40,4,153,216,95,133937,168,True
gha,SL27,r180,40,4,138,194,85,120870,168,True
gha,SL28,r200,20,4,173,237,110,133707,168,False
gha,SL28,r180,20,4,156,214,99,120758,168,True
gha,SL28,r200,40,4,164,218,101,133890,168,True
gha,SL28,r180,40,4,148,197,91,120798,168,True
gha,SL29,r200,20,4,132,179,82,134062,168,True
gha,SL29,r180,20,4,119,162,74,121129,168,True
gha,SL29,r200,40,4,131,172,81,134368,168,True
gha,SL29,r180,40,4,118,155,73,121298,168,True
gha,SL30,r200,20,4,211,309,135,133551,168,False
gha,SL30,r180,20,4,190,279,122,120565,168,False
gha,SL30,r200,40,4,196,273,125,133670,168,False
gha,SL30,r180,40,4,176,246,113,120598,168,False
gha,SL31,r200,20,4,163,229,104,133772,168,True
gha,SL31,r180,20,4,146,208,94,120776,168,True
gha,SL31,r200,40,4,156,215,97,133932,168,True
gha,SL31,r180,40,4,141,195,88,120879,168,True
gha,SL32,r200,20,4,140,201,93,133937,168,True
gha,SL32,r180,20,4,127,181,84,120974,168,True
gha,SL32,r200,40,4,138,190,89,134184,168,True
gha,SL32,r180,40,4,124,171,80,121102,168,True
gha,SL33,r200,20,4,138,187,89,134074,168,True
gha,SL33,r180,20,4,124,168,80,121202,168,True
gha,SL33,r200,40,4,133,175,84,134458,168,True
gha,SL33,r180,40,4,120,157,75,121370,168,True
gha,SL34,r200,20,4,202,307,137,133600,168,False
gha,SL34,r180,20,4,182,276,123,120630,168,False
gha,SL34,r200,40,4,192,270,123,133793,168,False
gha,SL34,r180,40,4,173,244,111,120722,168,False
gha,SL35,r200,20,4,143,204,94,133896,168,True
gha,SL35,r180,20,4,129,183,84,120927,168,True
gha,SL35,r200,40,4,136,193,89,134112,168,True
gha,SL35,r180,40,4,123,173,80,121045,168,True
gha,SL36,r200,20,4,216,297,131,133594,168,False
gha,SL36,r180,20,4,194,268,118,120581,168,False
gha,SL36,r200,40,4,195,273,124,133754,168,False
gha,SL36,r180,40,4,177,247,112,120639,168,False
gha,SL37,r200,20,4,165,234,105,133757,168,True
gha,SL37,r180,20,4,148,211,94,120766,168,True
gha,SL37,r200,40,4,157,219,97,133923,168,True
gha,SL37,r180,40,4,142,198,88,120844,168,True
gha,SL38,r200,20,4,144,211,93,133903,168,True
gha,SL38,r180,20,4,128,190,84,120936,168,True
gha,SL38,r200,40,4,136,194,87,134173,168,True
gha,SL38,r180,40,4,123,174,78,121071,168,True
gha,SL39,r200,20,4,134,186,87,134089,168,True
gha,SL39,r180,20,4,121,168,78,121138,168,True
gha,SL39,r200,40,4,131,177,83,134377,168,True
gha,SL39,r180,40,4,118,160,75,121316,168,True
gha,SR1,r200,20,4,171,226,107,133687,168,False
gha,SR1,r180,20,4,154,205,97,120698,168,True
gha,SR1,r200,40,4,162,214,102,133727,168,True
gha,SR1,r180,40,4,146,193,92,120649,168,True
gha,SR2,r200,20,4,162,223,104,133729,168,True
gha,SR2,r180,20,4,147,202,94,120756,168,True
gha,SR2,r200,40,4,161,215,102,133855,168,True
gha,SR2,r180,40,4,145,194,92,120760,168,True
gha,SR3,r200,20,4,130,181,85,134160,168,True
gha,SR3,r180,20,4,118,164,77,121240,168,True
gha,SR3,r200,40,4,128,173,83,134384,168,True
gha,SR3,r180,40,4,115,156,75,121308,168,True
gha,SR4,r200,20,4,215,295,134,133567,168,False
gha,SR4,r180,20,4,194,267,121,120606,168,False
gha,SR4,r200,40,4,193,262,121,133267,168,False
gha,SR4,r180,40,4,173,236,109,120233,168,False
gha,SR5,r200,20,4,166,227,107,133835,168,True
gha,SR5,r180,20,4,150,205,97,120859,168,True
gha,SR5,r200,40,4,161,217,101,134015,168,True
gha,SR5,r180,40,4,145,195,91,120903,168,True
gha,SR6,r200,20,4,146,197,92,133885,168,True
gha,SR6,r180,20,4,131,179,83,120968,168,True
gha,SR6,r200,40,4,141,190,91,134126,168,True
gha,SR6,r180,40,4,128,172,82,121106,168,True
gha,SR7,r200,20,4,128,184,79,134002,168,True
gha,SR7,r180,20,4,116,166,72,121075,168,True
gha,SR7,r200,40,4,124,171,77,134221,168,True
gha,SR7,r180,40,4,112,154,69,121155,168,True
gha,SR8,r200,20,4,216,291,133,133550,168,False
gha,SR8,r180,20,4,194,261,119,120558,168,False
gha,SR8,r200,40,4,198,266,122,133134,168,False
gha,SR8,r180,40,4,179,240,110,120099,168,False
gha,SR9,r200,20,4,149,196,92,133968,168,True
gha,SR9,r180,20,4,134,176,83,121063,168,True
gha,SR9,r200,40,4,143,188,89,134185,168,True
gha,SR9,r180,40,4,128,170,80,121140,168,True
gha,SR10,r200,20,4,210,303,135,133605,168,False
gha,SR10,r180,20,4,189,273,122,120608,168,False
gha,SR10,r200,40,4,195,269,125,133367,168,False
gha,SR10,r180,40,4,175,242,113,120302,168,False
gha,SR11,r200,20,4,166,222,103,133797,168,True
gha,SR11,r180,20,4,149,201,93,120811,168,True
gha,SR11,r200,40,4,159,213,99,134003,168,True
gha,SR11,r180,40,4,144,192,89,120928,168,True
gha,SR12,r200,20,4,149,196,94,133888,168,True
gha,SR12,r180,20,4,135,177,85,120947,168,True
gha,SR12,r200,40,4,147,190,93,134089,168,True
gha,SR12,r180,40,4,132,172,84,121058,168,True
gha,SR13,r200,20,4,131,183,90,134103,168,True
gha,SR13,r180,20,4,119,164,81,121176,168,True
gha,SR13,r200,40,4,129,173,85,134323,168,True
gha,SR13,r180,40,4,116,155,76,121335,168,True
gha,SR14,r200,20,4,173,235,111,133722,168,False
gha,SR14,r180,20,4,157,212,100,120798,168,True
gha,SR14,r200,40,4,166,217,104,133770,168,True
gha,SR14,r180,40,4,150,196,94,120673,168,True
gha,SR15,r200,20,4,174,236,116,133711,168,False
gha,SR15,r180,20,4,157,213,104,120775,168,True
gha,SR15,r200,40,4,167,218,107,133755,168,True
gha,SR15,r180,40,4,150,198,96,120658,168,True
gha,SR16,r200,20,4,133,186,89,134129,168,True
gha,SR16,r180,20,4,121,168,80,121240,168,True
gha,SR16,r200,40,4,130,177,84,134357,168,True
gha,SR16,r180,40,4,118,159,75,121353,168,True
gha,SR17,r200,20,4,213,306,137,133541,168,False
gha,SR17,r180,20,4,192,276,123,120559,168,False
gha,SR17,r200,40,4,194,267,124,132988,168,False
gha,SR17,r180,40,4,175,241,112,119977,168,False
gha,SR18,r200,20,4,169,227,106,133730,168,False
gha,SR18,r180,20,4,153,204,95,120822,168,True
gha,SR18,r200,40,4,161,218,103,133903,168,True
gha,SR18,r180,40,4,146,196,93,120835,168,True
gha,SR19,r200,20,4,149,198,96,133910,168,True
gha,SR19,r180,20,4,135,180,87,121006,168,True
gha,SR19,r200,40,4,146,193,93,134170,168,True
gha,SR19,r180,40,4,132,174,84,121048,168,True
gha,SR20,r200,20,4,139,184,91,134091,168,True
gha,SR20,r180,20,4,124,166,82,121137,168,True
gha,SR20,r200,40,4,133,174,86,134398,168,True
gha,SR20,r180,40,4,120,158,78,121376,168,True
gha,SR21,r200,20,4,208,304,132,133412,168,False
gha,SR21,r180,20,4,187,274,119,120445,168,False
gha,SR21,r200,40,4,192,267,121,132735,168,False
gha,SR21,r180,40,4,174,240,109,119799,168,False
gha,SR22,r200,20,4,153,202,96,133903,168,True
gha,SR22,r180,20,4,138,182,87,120954,168,True
gha,SR22,r200,40,4,143,189,90,134069,168,True
gha,SR22,r180,40,4,130,171,81,120976,168,True
gha,SR23,r200,20,4,213,302,137,133497,168,False
gha,SR23,r180,20,4,192,271,123,120504,168,False
gha,SR23,r200,40,4,196,268,124,132945,168,False
gha,SR23,r180,40,4,176,242,112,119899,168,False
gha,SR24,r200,20,4,176,234,115,133714,168,False
gha,SR24,r180,20,4,159,212,104,120765,168,True
gha,SR24,r200,40,4,164,216,105,133646,168,True
gha,SR24,r180,40,4,148,195,95,120596,168,True
gha,SR25,r200,20,4,153,203,98,133892,168,True
gha,SR25,r180,20,4,138,184,89,120970,168,True
gha,SR25,r200,40,4,146,191,93,134116,168,True
gha,SR25,r180,40,4,131,172,84,121024,168,True
gha,SR26,r200,20,4,137,181,85,134110,168,True
gha,SR26,r180,20,4,124,164,77,121160,168,True
gha,SR26,r200,40,4,130,176,83,134350,168,True
gha,SR26,r180,40,4,118,159,75,121321,168,True
gha,SR27,r200,20,4,171,239,110,133738,168,False
gha,SR27,r180,20,4,154,215,99,120774,168,True
gha,SR27,r200,40,4,161,221,105,133627,168,True
gha,SR27,r180,40,4,146,198,94,120592,168,True
gha,SR28,r200,20,4,172,240,110,133739,168,False
gha,SR28,r180,20,4,156,216,99,120762,168,True
gha,SR28,r200,40,4,164,222,105,133593,168,True
gha,SR28,r180,40,4,148,200,94,120559,168,True
gha,SR29,r200,20,4,141,185,91,134003,168,True
gha,SR29,r180,20,4,127,167,82,121074,168,True
gha,SR29,r200,40,4,135,176,86,134188,168,True
gha,SR29,r180,40,4,122,158,77,121092,168,True
gha,SR30,r200,20,4,223,316,144,133056,168,False
gha,SR30,r180,20,4,201,284,129,120100,168,False
gha,SR30,r200,40,4,199,275,129,132092,168,False
gha,SR30,r180,40,4,179,248,116,119158,168,False
gha,SR31,r200,20,4,177,233,108,133707,168,False
gha,SR31,r180,20,4,159,211,98,120725,168,True
gha,SR31,r200,40,4,170,218,106,133572,168,False
gha,SR31,r180,40,4,152,197,95,120519,168,True
gha,SR32,r200,20,4,157,215,102,133832,168,True
gha,SR32,r180,20,4,142,195,92,120908,168,True
gha,SR32,r200,40,4,151,203,99,133741,168,True
gha,SR32,r180,40,4,137,185,90,120728,168,True
gha,SR33,r200,20,4,139,188,92,133976,168,True
gha,SR33,r180,20,4,125,169,83,121047,168,True
gha,SR33,r200,40,4,137,179,90,134098,168,True
gha,SR33,r180,40,4,123,161,81,121066,168,True
gha,SR34,r200,20,4,212,307,134,133228,168,False
gha,SR34,r180,20,4,191,277,121,120284,168,False
gha,SR34,r200,40,4,194,272,124,132386,168,False
gha,SR34,r180,40,4,175,245,111,119428,168,False
gha,SR35,r200,20,4,160,216,103,133851,168,True
gha,SR35,r180,20,4,145,195,93,120941,168,True
gha,SR35,r200,40,4,152,201,97,133984,168,True
gha,SR35,r180,40,4,137,180,87,120927,168,True
gha,SR36,r200,20,4,217,312,141,133229,168,False
gha,SR36,r180,20,4,196,281,127,120267,168,False
gha,SR36,r200,40,4,198,275,129,132354,168,False
gha,SR36,r180,40,4,179,248,116,119434,168,False
gha,SR37,r200,20,4,175,241,117,133590,168,False
gha,SR37,r180,20,4,158,217,105,120652,168,True
gha,SR37,r200,40,4,167,221,109,133349,168,True
gha,SR37,r180,40,4,151,200,98,120365,168,True
gha,SR38,r200,20,4,154,208,104,133870,168,True
gha,SR38,r180,20,4,139,187,93,120900,168,True
gha,SR38,r200,40,4,148,196,97,133970,168,True
gha,SR38,r180,40,4,133,177,87,120870,168,True
gha,SR39,r200,20,4,136,188,88,133990,168,True
gha,SR39,r180,20,4,123,168,79,121088,168,True
gha,SR39,r200,40,4,132,180,86,134202,168,True
gha,SR39,r180,40,4,119,162,77,121102,168,True
