clock_min,desks_W20_r200,desks_W20_r180,desks_W40_r200,desks_W40_r180
-261,1.0,1.0,1.0,1.0
-260,1.0,1.0,1.0,1.0
-259,1.0,1.0,1.0,1.0
-258,1.0,1.0,1.0,1.0
-257,1.0,1.0,1.0,1.0
-256,1.0,1.0,1.0,1.0
-255,1.0,1.0,1.0,1.0
-254,1.0,1.0,1.0,1.0
-253,1.0,1.0,1.0,1.0
-252,1.0,1.0,1.0,1.0
-251,1.0,1.0,1.0,1.0
-250,1.0,1.0,1.0,1.0
-249,1.0,1.0,1.0,1.0
-248,1.0,1.0,1.0,1.0
-247,1.0,1.0,1.0,1.0
-246,1.0,1.0,1.0,1.0
-245,1.0,1.0,1.0,1.0
-244,1.0,1.0,1.0,1.0
-243,1.0,1.0,1.0,1.0
-242,1.0,1.0,1.0,1.0
-241,0.0,0.0,1.0,1.0
-240,0.0,0.0,1.0,1.0
-239,0.0,0.0,1.0,1.0
-238,0.0,0.0,1.0,1.0
-237,1.0,1.0,1.0,1.0
-236,1.0,1.0,1.0,1.0
-235,1.0,1.0,1.0,1.0
-234,1.0,1.0,1.0,1.0
-233,1.0,1.0,1.0,1.0
-232,1.0,1.0,1.0,1.0
-231,1.0,1.0,1.0,1.0
-230,1.0,1.0,1.0,1.0
-229,1.0,1.0,1.0,1.0
-228,1.0,1.0,1.0,1.0
-227,1.0,1.0,1.0,1.0
-226,1.0,1.0,1.0,1.0
-225,1.0,1.0,1.0,1.0
-224,2.0,2.0,2.0,2.0
-223,2.0,2.0,2.0,2.0
-222,2.0,2.0,2.0,2.0
-221,2.0,2.0,2.0,2.0
-220,2.0,2.0,2.0,2.0
-219,2.0,2.0,2.0,2.0
-218,2.0,2.0,2.0,2.0
-217,2.0,2.0,2.0,2.0
-216,2.0,2.0,2.0,2.0
-215,2.0,2.0,2.0,2.0
-214,3.0,3.0,2.0,2.0
-213,3.0,3.0,2.0,2.0
-212,4.0,4.0,2.0,2.0
-211,4.0,4.0,2.0,2.0
-210,4.0,4.0,2.0,2.0
-209,5.0,5.0,3.0,3.0
-208,5.0,5.0,3.0,3.0
-207,5.0,5.0,3.0,3.0
-206,5.0,5.0,3.0,3.0
-205,5.0,5.0,3.0,3.0
-204,6.0,5.0,3.0,3.0
-203,7.0,7.0,4.0,4.0
-202,8.0,7.0,5.0,5.0
-201,8.0,8.0,6.0,5.0
-200,8.0,8.0,6.0,6.0
-199,9.0,8.0,6.0,6.0
-198,10.0,9.0,6.0,6.0
-197,10.0,10.0,7.0,6.0
-196,10.0,10.0,7.0,6.0
-195,12.0,10.0,8.0,7.0
-194,12.0,12.0,9.0,8.0
-193,12.0,12.0,9.0,8.0
-192,14.0,13.0,10.0,9.0
-191,15.0,14.0,10.0,10.0
-190,15.0,14.0,11.0,10.0
-189,17.0,15.0,11.0,11.0
-188,18.0,17.0,12.0,11.0
-187,18.0,17.0,13.0,11.0
-186,18.0,17.0,13.0,12.0
-185,19.0,18.0,14.0,12.0
-184,19.0,18.0,14.0,12.0
-183,20.0,18.0,14.0,14.0
-182,20.0,18.0,15.0,14.0
-181,20.0,19.0,15.0,15.0
-180,22.0,21.0,16.0,15.0
-179,22.0,21.0,17.0,15.0
-178,23.0,21.0,18.0,16.0
-177,25.0,23.0,18.0,17.0
-176,26.0,24.0,20.0,18.0
-175,27.0,24.0,20.0,18.0
-174,28.0,26.0,21.0,19.0
-173,30.0,27.0,22.0,20.0
-172,29.0,27.0,22.0,21.0
-171,30.0,28.0,23.0,21.0
-170,32.0,29.0,25.0,22.0
-169,33.0,29.0,25.0,23.0
-168,34.0,31.0,26.0,24.0
-167,35.0,32.0,27.0,24.0
-166,40.0,36.0,30.0,27.0
-165,41.0,38.0,31.0,28.0
-164,45.0,41.0,32.0,30.0
-163,46.0,42.0,34.0,31.0
-162,46.0,42.0,34.0,31.0
-161,49.0,45.0,35.0,32.0
-160,50.0,46.0,37.0,33.0
-159,52.0,48.0,38.0,35.0
-158,53.0,49.0,38.0,36.0
-157,55.0,51.0,41.0,37.0
-156,57.0,52.0,42.0,38.0
-155,60.0,54.0,43.0,39.0
-154,60.0,55.0,45.0,41.0
-153,63.0,58.0,47.0,43.0
-152,68.0,62.0,50.0,45.0
-151,70.0,64.0,51.0,47.0
-150,72.0,66.0,55.0,49.0
-149,73.0,66.0,55.0,51.0
-148,74.0,68.0,57.0,52.0
-147,77.0,70.0,58.0,53.0
-146,79.0,71.0,60.0,54.0
-145,79.0,73.0,62.0,57.0
-144,80.0,73.0,64.0,58.0
-143,81.0,73.0,65.0,59.0
-142,82.0,76.0,66.0,59.0
-141,84.0,76.0,68.0,61.0
-140,86.0,77.0,68.0,61.0
-139,86.0,79.0,70.0,64.0
-138,91.0,82.0,73.0,67.0
-137,92.0,85.0,75.0,69.0
-136,94.0,84.0,77.0,70.0
-135,93.0,85.0,78.0,72.0
-134,97.0,88.0,80.0,72.0
-133,98.0,89.0,82.0,73.0
-132,99.0,90.0,83.0,77.0
-131,99.0,91.0,84.0,78.0
-130,100.0,92.0,86.0,78.0
-129,103.0,94.0,89.0,81.0
-128,105.0,95.0,91.0,81.0
-127,104.0,95.0,92.0,83.0
-126,105.0,95.0,92.0,84.0
-125,106.0,97.0,93.0,84.0
-124,106.0,97.0,95.0,85.0
-123,107.0,97.0,96.0,87.0
-122,110.0,100.0,97.0,89.0
-121,112.0,101.0,98.0,90.0
-120,116.0,104.0,100.0,91.0
-119,116.0,104.0,102.0,92.0
-118,115.0,105.0,103.0,94.0
-117,115.0,104.0,105.0,95.0
-116,117.0,106.0,106.0,96.0
-115,122.0,110.0,108.0,97.0
-114,121.0,109.0,108.0,98.0
-113,120.0,110.0,109.0,99.0
-112,119.0,108.0,109.0,99.0
-111,119.0,109.0,110.0,99.0
-110,121.0,109.0,111.0,100.0
-109,121.0,111.0,113.0,102.0
-108,124.0,112.0,114.0,103.0
-107,127.0,114.0,114.0,104.0
-106,127.0,116.0,116.0,106.0
-105,128.0,116.0,116.0,106.0
-104,129.0,117.0,118.0,106.0
-103,132.0,119.0,120.0,109.0
-102,134.0,121.0,122.0,110.0
-101,133.0,121.0,124.0,110.0
-100,133.0,119.0,125.0,113.0
-99,130.0,119.0,124.0,112.0
-98,129.0,118.0,123.0,113.0
-97,130.0,119.0,123.0,113.0
-96,131.0,120.0,125.0,113.0
-95,130.0,118.0,126.0,114.0
-94,131.0,120.0,128.0,114.0
-93,134.0,122.0,131.0,117.0
-92,136.0,123.0,130.0,116.0
-91,133.0,122.0,129.0,117.0
-90,134.0,123.0,129.0,117.0
-89,135.0,121.0,129.0,117.0
-88,135.0,122.0,131.0,118.0
-87,133.0,119.0,131.0,119.0
-86,133.0,122.0,130.0,118.0
-85,134.0,122.0,130.0,118.0
-84,135.0,123.0,134.0,120.0
-83,133.0,122.0,133.0,121.0
-82,130.0,120.0,133.0,120.0
-81,132.0,121.0,134.0,120.0
-80,131.0,117.0,133.0,119.0
-79,133.0,122.0,134.0,121.0
-78,134.0,123.0,133.0,121.0
-77,135.0,122.0,134.0,119.0
-76,134.0,123.0,135.0,124.0
-75,135.0,123.0,133.0,122.0
-74,135.0,122.0,136.0,122.0
-73,133.0,121.0,135.0,124.0
-72,134.0,120.0,136.0,122.0
-71,134.0,123.0,136.0,122.0
-70,137.0,124.0,137.0,123.0
-69,138.0,125.0,137.0,124.0
-68,135.0,123.0,137.0,123.0
-67,134.0,123.0,136.0,123.0
-66,136.0,123.0,136.0,124.0
-65,137.0,124.0,137.0,124.0
-64,137.0,125.0,137.0,125.0
-63,137.0,125.0,136.0,126.0
-62,139.0,127.0,136.0,125.0
-61,142.0,129.0,137.0,126.0
-60,140.0,129.0,139.0,125.0
-59,140.0,129.0,138.0,127.0
-58,138.0,126.0,140.0,126.0
-57,140.0,127.0,139.0,128.0
-56,139.0,126.0,138.0,127.0
-55,139.0,126.0,138.0,126.0
-54,139.0,126.0,139.0,125.0
-53,139.0,128.0,137.0,126.0
-52,141.0,129.0,137.0,125.0
-51,141.0,130.0,137.0,126.0
-50,140.0,127.0,138.0,126.0
-49,138.0,125.0,138.0,126.0
-48,137.0,126.0,138.0,124.0
-47,139.0,127.0,138.0,125.0
-46,138.0,127.0,137.0,125.0
-45,138.0,124.0,138.0,125.0
-44,135.0,121.0,135.0,125.0
-43,135.0,121.0,137.0,124.0
-42,130.0,118.0,137.0,124.0
-41,130.0,117.0,136.0,123.0
-40,129.0,114.0,134.0,123.0
-39,127.0,115.0,134.0,122.0
-38,124.0,116.0,135.0,122.0
-37,126.0,115.0,134.0,120.0
-36,129.0,117.0,134.0,122.0
-35,125.0,113.0,133.0,122.0
-34,125.0,112.0,134.0,122.0
-33,122.0,111.0,135.0,121.0
-32,121.0,111.0,133.0,122.0
-31,120.0,109.0,131.0,121.0
-30,120.0,109.0,131.0,121.0
-29,120.0,110.0,131.0,120.0
-28,119.0,110.0,130.0,119.0
-27,119.0,108.0,132.0,120.0
-26,118.0,107.0,130.0,117.0
-25,117.0,107.0,130.0,116.0
-24,118.0,108.0,127.0,115.0
-23,119.0,108.0,127.0,115.0
-22,119.0,109.0,125.0,114.0
-21,118.0,108.0,125.0,115.0
-20,120.0,108.0,126.0,112.0
-19,119.0,109.0,124.0,113.0
-18,119.0,107.0,124.0,112.0
-17,119.0,110.0,123.0,113.0
-16,116.0,107.0,124.0,112.0
-15,119.0,110.0,124.0,112.0
-14,120.0,108.0,122.0,110.0
-13,118.0,107.0,120.0,110.0
-12,114.0,105.0,120.0,110.0
-11,113.0,104.0,117.0,107.0
-10,111.0,103.0,118.0,109.0
-9,116.0,105.0,120.0,109.0
-8,118.0,107.0,119.0,107.0
-7,116.0,105.0,118.0,106.0
-6,116.0,106.0,117.0,107.0
-5,117.0,106.0,119.0,105.0
-4,115.0,105.0,117.0,106.0
-3,115.0,105.0,115.0,106.0
-2,116.0,106.0,119.0,107.0
-1,118.0,108.0,117.0,107.0
0,114.0,105.0,117.0,106.0
1,114.0,104.0,118.0,105.0
2,112.0,105.0,117.0,105.0
3,110.0,103.0,117.0,104.0
4,113.0,105.0,116.0,105.0
5,111.0,102.0,117.0,106.0
6,114.0,103.0,116.0,105.0
7,114.0,105.0,116.0,108.0
8,116.0,106.0,117.0,107.0
9,118.0,108.0,117.0,106.0
10,118.0,106.0,116.0,105.0
11,112.0,102.0,116.0,105.0
12,114.0,105.0,116.0,106.0
13,113.0,102.0,116.0,105.0
14,109.0,101.0,116.0,104.0
15,109.0,97.0,116.0,105.0
16,107.0,99.0,113.0,104.0
17,110.0,100.0,113.0,103.0
18,111.0,102.0,113.0,105.0
19,111.0,100.0,112.0,104.0
20,111.0,101.0,114.0,104.0
21,114.0,103.0,116.0,105.0
22,116.0,105.0,115.0,105.0
23,115.0,105.0,113.0,105.0
24,112.0,103.0,113.0,104.0
25,112.0,105.0,115.0,105.0
26,113.0,104.0,116.0,105.0
27,112.0,102.0,116.0,107.0
28,115.0,104.0,116.0,108.0
29,113.0,105.0,117.0,109.0
30,114.0,105.0,117.0,109.0
31,115.0,105.0,115.0,105.0
32,115.0,105.0,115.0,105.0
33,118.0,107.0,117.0,106.0
34,122.0,111.0,116.0,107.0
35,119.0,108.0,113.0,104.0
36,121.0,110.0,115.0,105.0
37,119.0,109.0,116.0,106.0
38,118.0,109.0,117.0,106.0
39,119.0,112.0,118.0,107.0
40,116.0,107.0,118.0,108.0
41,114.0,105.0,118.0,108.0
42,115.0,105.0,118.0,106.0
43,116.0,105.0,118.0,105.0
44,118.0,107.0,116.0,105.0
45,118.0,107.0,115.0,105.0
46,121.0,111.0,119.0,108.0
47,122.0,109.0,119.0,110.0
48,120.0,109.0,120.0,110.0
49,119.0,108.0,121.0,110.0
50,119.0,109.0,119.0,109.0
51,117.0,108.0,119.0,108.0
52,117.0,108.0,119.0,108.0
53,119.0,108.0,121.0,108.0
54,118.0,109.0,123.0,110.0
55,121.0,110.0,122.0,111.0
56,120.0,109.0,121.0,112.0
57,117.0,110.0,121.0,111.0
58,119.0,109.0,122.0,110.0
59,122.0,112.0,122.0,111.0
60,121.0,111.0,121.0,109.0
61,118.0,109.0,120.0,110.0
62,119.0,109.0,118.0,109.0
63,120.0,110.0,120.0,111.0
64,121.0,110.0,122.0,111.0
65,121.0,109.0,120.0,110.0
66,118.0,110.0,121.0,109.0
67,118.0,109.0,123.0,112.0
68,119.0,109.0,121.0,112.0
69,119.0,109.0,119.0,111.0
70,120.0,110.0,120.0,111.0
71,119.0,110.0,121.0,111.0
72,121.0,109.0,120.0,109.0
73,119.0,110.0,123.0,108.0
74,120.0,108.0,122.0,109.0
75,119.0,108.0,122.0,107.0
76,119.0,109.0,121.0,109.0
77,122.0,112.0,120.0,112.0
78,120.0,109.0,120.0,110.0
79,121.0,110.0,123.0,111.0
80,120.0,112.0,123.0,112.0
81,121.0,113.0,123.0,113.0
82,123.0,112.0,123.0,112.0
83,121.0,108.0,124.0,110.0
84,119.0,109.0,123.0,111.0
85,118.0,108.0,121.0,111.0
86,117.0,107.0,121.0,110.0
87,118.0,110.0,120.0,112.0
88,118.0,111.0,121.0,111.0
89,118.0,108.0,123.0,108.0
90,117.0,107.0,122.0,109.0
91,118.0,107.0,120.0,110.0
92,119.0,108.0,123.0,113.0
93,124.0,110.0,121.0,112.0
94,121.0,113.0,121.0,114.0
95,123.0,115.0,123.0,112.0
96,123.0,113.0,122.0,111.0
97,121.0,111.0,122.0,111.0
98,121.0,110.0,122.0,112.0
99,120.0,110.0,122.0,111.0
100,121.0,112.0,120.0,110.0
101,119.0,111.0,120.0,113.0
102,121.0,113.0,122.0,112.0
103,123.0,111.0,120.0,112.0
104,122.0,114.0,122.0,111.0
105,125.0,115.0,123.0,111.0
106,127.0,118.0,125.0,112.0
107,128.0,117.0,124.0,114.0
108,130.0,120.0,126.0,114.0
109,130.0,120.0,123.0,112.0
110,130.0,120.0,124.0,114.0
111,131.0,121.0,126.0,115.0
112,132.0,119.0,126.0,115.0
113,130.0,119.0,127.0,114.0
114,130.0,117.0,129.0,116.0
115,129.0,120.0,128.0,116.0
116,132.0,120.0,127.0,117.0
117,134.0,124.0,128.0,118.0
118,133.0,122.0,128.0,119.0
119,134.0,123.0,128.0,116.0
120,137.0,124.0,128.0,117.0
121,135.0,123.0,127.0,117.0
122,135.0,123.0,129.0,119.0
123,134.0,122.0,131.0,117.0
124,134.0,122.0,131.0,119.0
125,135.0,124.0,133.0,120.0
126,134.0,123.0,136.0,121.0
127,131.0,121.0,132.0,118.0
128,132.0,123.0,132.0,120.0
129,135.0,121.0,132.0,119.0
130,133.0,121.0,132.0,121.0
131,134.0,121.0,132.0,121.0
132,132.0,119.0,131.0,122.0
133,134.0,120.0,132.0,122.0
134,131.0,120.0,133.0,119.0
135,130.0,118.0,134.0,121.0
136,132.0,117.0,136.0,121.0
137,131.0,118.0,134.0,122.0
138,129.0,119.0,134.0,122.0
139,132.0,119.0,135.0,122.0
140,133.0,118.0,134.0,122.0
141,132.0,121.0,136.0,123.0
142,132.0,120.0,135.0,121.0
143,134.0,119.0,135.0,120.0
144,132.0,120.0,132.0,121.0
145,128.0,118.0,133.0,121.0
146,132.0,121.0,133.0,121.0
147,132.0,119.0,134.0,118.0
148,133.0,118.0,133.0,120.0
149,131.0,118.0,131.0,119.0
150,132.0,118.0,131.0,119.0
151,132.0,121.0,134.0,121.0
152,133.0,120.0,131.0,119.0
153,125.0,119.0,132.0,119.0
154,129.0,117.0,132.0,119.0
155,130.0,116.0,132.0,119.0
156,128.0,117.0,130.0,119.0
157,128.0,117.0,131.0,118.0
158,127.0,116.0,129.0,120.0
159,127.0,117.0,132.0,118.0
160,128.0,117.0,131.0,118.0
161,126.0,114.0,130.0,117.0
162,125.0,114.0,129.0,118.0
163,127.0,116.0,129.0,119.0
164,122.0,115.0,131.0,117.0
165,121.0,109.0,127.0,114.0
166,118.0,108.0,125.0,116.0
167,114.0,106.0,123.0,115.0
168,113.0,102.0,122.0,113.0
169,109.0,100.0,122.0,111.0
170,108.0,99.0,120.0,110.0
171,103.0,96.0,120.0,111.0
172,101.0,95.0,120.0,108.0
173,102.0,93.0,117.0,106.0
174,102.0,94.0,117.0,108.0
175,102.0,93.0,115.0,106.0
176,99.0,89.0,113.0,103.0
177,97.0,89.0,113.0,102.0
178,92.0,85.0,111.0,99.0
179,91.0,81.0,110.0,99.0
180,89.0,81.0,110.0,100.0
181,85.0,75.0,107.0,98.0
182,82.0,74.0,105.0,96.0
183,80.0,73.0,105.0,94.0
184,77.0,72.0,103.0,94.0
185,78.0,73.0,100.0,92.0
186,75.0,71.0,98.0,91.0
187,75.0,68.0,95.0,87.0
188,75.0,67.0,93.0,86.0
189,72.0,66.0,92.0,85.0
190,71.0,66.0,92.0,84.0
191,69.0,63.0,90.0,80.0
192,70.0,64.0,88.0,79.0
193,69.0,63.0,85.0,79.0
194,65.0,61.0,85.0,77.0
195,64.0,56.0,83.0,78.0
196,61.0,54.0,80.0,73.0
197,59.0,55.0,79.0,72.0
198,58.0,55.0,79.0,71.0
199,58.0,54.0,76.0,68.0
200,56.0,54.0,74.0,70.0
201,58.0,52.0,71.0,67.0
202,56.0,51.0,70.0,64.0
203,55.0,51.0,68.0,63.0
204,57.0,51.0,68.0,61.0
205,55.0,51.0,67.0,61.0
206,53.0,50.0,66.0,61.0
207,55.0,50.0,66.0,59.0
208,53.0,50.0,64.0,58.0
209,52.0,49.0,63.0,58.0
210,53.0,51.0,63.0,58.0
211,55.0,49.0,62.0,57.0
212,54.0,49.0,63.0,57.0
213,52.0,49.0,62.0,55.0
214,51.0,49.0,60.0,55.0
215,53.0,50.0,58.0,53.0
216,57.0,51.0,58.0,53.0
217,56.0,51.0,57.0,53.0
218,56.0,52.0,57.0,54.0
219,54.0,49.0,59.0,53.0
220,55.0,50.0,58.0,52.0
221,57.0,51.0,57.0,53.0
222,57.0,51.0,57.0,51.0
223,56.0,52.0,56.0,52.0
224,55.0,51.0,55.0,52.0
225,59.0,53.0,56.0,54.0
226,62.0,55.0,59.0,55.0
227,62.0,57.0,59.0,54.0
228,64.0,58.0,60.0,55.0
229,64.0,58.0,61.0,56.0
230,62.0,57.0,60.0,54.0
231,62.0,57.0,60.0,53.0
232,63.0,58.0,60.0,54.0
233,66.0,62.0,59.0,55.0
234,67.0,62.0,61.0,55.0
235,67.0,62.0,62.0,57.0
236,67.0,62.0,63.0,58.0
237,70.0,64.0,64.0,59.0
238,70.0,65.0,66.0,59.0
239,72.0,66.0,66.0,60.0
240,72.0,66.0,65.0,60.0
241,70.0,65.0,66.0,60.0
242,71.0,65.0,66.0,61.0
243,71.0,65.0,68.0,61.0
244,71.0,66.0,68.0,62.0
245,72.0,66.0,70.0,63.0
246,73.0,68.0,70.0,65.0
247,75.0,68.0,71.0,64.0
248,75.0,70.0,72.0,66.0
249,77.0,69.0,71.0,66.0
250,77.0,69.0,72.0,66.0
251,75.0,68.0,72.0,66.0
252,76.0,69.0,72.0,67.0
253,72.0,68.0,73.0,67.0
254,73.0,67.0,73.0,67.0
255,73.0,67.0,73.0,67.0
256,73.0,67.0,72.0,67.0
257,71.0,67.0,74.0,68.0
258,73.0,66.0,74.0,68.0
259,71.0,67.0,75.0,69.0
260,72.0,66.0,73.0,68.0
261,71.0,66.0,73.0,67.0
262,72.0,65.0,73.0,68.0
263,71.0,65.0,73.0,68.0
264,71.0,64.0,74.0,67.0
265,71.0,64.0,75.0,67.0
266,69.0,61.0,74.0,68.0
267,68.0,63.0,74.0,68.0
268,67.0,62.0,74.0,67.0
269,69.0,63.0,73.0,69.0
270,68.0,62.0,73.0,68.0
271,68.0,61.0,71.0,66.0
272,68.0,63.0,72.0,66.0
273,70.0,66.0,73.0,67.0
274,70.0,64.0,73.0,67.0
275,71.0,66.0,72.0,67.0
276,72.0,66.0,73.0,68.0
277,72.0,67.0,72.0,67.0
278,72.0,67.0,74.0,69.0
279,72.0,67.0,76.0,67.0
280,72.0,67.0,74.0,69.0
281,75.0,70.0,75.0,69.0
282,76.0,69.0,75.0,70.0
283,77.0,71.0,77.0,69.0
284,80.0,73.0,77.0,70.0
285,79.0,72.0,78.0,71.0
286,81.0,73.0,76.0,70.0
287,81.0,73.0,76.0,69.0
288,81.0,75.0,77.0,69.0
289,81.0,76.0,79.0,67.0
290,82.0,74.0,76.0,69.0
291,81.0,73.0,75.0,69.0
292,84.0,76.0,76.0,69.0
293,84.0,78.0,78.0,70.0
294,85.0,77.0,76.0,70.0
295,83.0,75.0,77.0,70.0
296,83.0,74.0,79.0,71.0
297,86.0,79.0,81.0,73.0
298,88.0,79.0,79.0,72.0
299,83.0,76.0,79.0,73.0
300,84.0,76.0,80.0,72.0
301,87.0,79.0,80.0,72.0
302,87.0,80.0,80.0,73.0
303,88.0,80.0,84.0,76.0
304,89.0,81.0,86.0,77.0
305,90.0,83.0,86.0,78.0
306,92.0,83.0,86.0,77.0
307,93.0,85.0,85.0,78.0
308,91.0,85.0,87.0,80.0
309,90.0,82.0,86.0,80.0
310,92.0,86.0,89.0,81.0
311,93.0,86.0,90.0,80.0
312,96.0,87.0,91.0,82.0
313,95.0,85.0,90.0,81.0
314,97.0,88.0,92.0,83.0
315,97.0,89.0,92.0,83.0
316,96.0,89.0,93.0,84.0
317,96.0,87.0,95.0,85.0
318,98.0,89.0,93.0,85.0
319,97.0,90.0,92.0,84.0
320,99.0,89.0,92.0,85.0
321,99.0,91.0,94.0,85.0
322,100.0,92.0,95.0,87.0
323,102.0,92.0,96.0,88.0
324,99.0,91.0,96.0,88.0
325,101.0,92.0,95.0,88.0
326,102.0,92.0,96.0,88.0
327,104.0,94.0,99.0,91.0
328,104.0,96.0,98.0,91.0
329,104.0,95.0,99.0,91.0
330,104.0,95.0,99.0,90.0
331,106.0,96.0,100.0,91.0
332,104.0,95.0,100.0,91.0
333,104.0,95.0,101.0,91.0
334,104.0,94.0,100.0,91.0
335,107.0,95.0,101.0,93.0
336,107.0,98.0,102.0,93.0
337,106.0,97.0,102.0,93.0
338,106.0,99.0,103.0,94.0
339,108.0,97.0,103.0,94.0
340,105.0,95.0,103.0,92.0
341,106.0,96.0,102.0,94.0
342,106.0,98.0,103.0,94.0
343,104.0,96.0,105.0,95.0
344,102.0,93.0,105.0,95.0
345,100.0,92.0,103.0,93.0
346,99.0,91.0,101.0,95.0
347,97.0,88.0,102.0,94.0
348,94.0,85.0,100.0,92.0
349,95.0,85.0,100.0,92.0
350,95.0,86.0,101.0,91.0
351,91.0,84.0,100.0,91.0
352,90.0,84.0,99.0,91.0
353,91.0,85.0,101.0,92.0
354,93.0,84.0,101.0,92.0
355,91.0,81.0,98.0,92.0
356,85.0,78.0,97.0,90.0
357,84.0,79.0,97.0,90.0
358,85.0,80.0,98.0,89.0
359,85.0,76.0,98.0,89.0
360,82.0,76.0,96.0,88.0
361,81.0,75.0,97.0,86.0
362,80.0,74.0,94.0,84.0
363,78.0,73.0,92.0,83.0
364,82.0,75.0,92.0,83.0
365,82.0,74.0,91.0,82.0
366,81.0,74.0,92.0,82.0
367,81.0,74.0,90.0,82.0
368,80.0,76.0,88.0,80.0
369,78.0,74.0,89.0,80.0
370,79.0,74.0,88.0,79.0
371,82.0,73.0,87.0,80.0
372,80.0,74.0,88.0,78.0
373,79.0,73.0,87.0,78.0
374,78.0,73.0,86.0,78.0
375,79.0,71.0,84.0,78.0
376,80.0,72.0,84.0,76.0
377,80.0,72.0,84.0,76.0
378,77.0,71.0,82.0,73.0
379,80.0,73.0,82.0,75.0
380,80.0,73.0,81.0,75.0
381,82.0,75.0,81.0,76.0
382,81.0,76.0,82.0,75.0
383,84.0,76.0,83.0,75.0
384,80.0,75.0,82.0,75.0
385,84.0,75.0,82.0,77.0
386,84.0,77.0,83.0,75.0
387,86.0,78.0,84.0,76.0
388,85.0,80.0,84.0,77.0
389,85.0,80.0,83.0,77.0
390,86.0,80.0,83.0,76.0
391,85.0,78.0,83.0,77.0
392,86.0,79.0,85.0,78.0
393,87.0,77.0,85.0,77.0
394,84.0,79.0,84.0,78.0
395,85.0,79.0,84.0,78.0
396,87.0,80.0,86.0,78.0
397,87.0,79.0,86.0,76.0
398,87.0,81.0,85.0,77.0
399,84.0,79.0,85.0,78.0
400,85.0,80.0,85.0,77.0
401,84.0,78.0,83.0,77.0
402,84.0,76.0,85.0,78.0
403,82.0,76.0,84.0,76.0
404,83.0,76.0,83.0,76.0
405,82.0,75.0,82.0,75.0
406,83.0,76.0,84.0,76.0
407,81.0,73.0,84.0,77.0
408,81.0,75.0,84.0,77.0
409,81.0,73.0,83.0,77.0
410,79.0,74.0,83.0,77.0
411,80.0,74.0,83.0,77.0
412,79.0,73.0,84.0,76.0
413,80.0,74.0,84.0,76.0
414,81.0,76.0,83.0,76.0
415,84.0,77.0,85.0,78.0
416,84.0,76.0,85.0,78.0
417,80.0,75.0,84.0,78.0
418,82.0,76.0,84.0,76.0
419,82.0,77.0,86.0,78.0
420,80.0,76.0,83.0,77.0
421,80.0,74.0,85.0,79.0
422,80.0,74.0,86.0,80.0
423,82.0,75.0,85.0,79.0
424,83.0,76.0,84.0,79.0
425,84.0,78.0,84.0,77.0
426,85.0,77.0,85.0,77.0
427,85.0,78.0,87.0,80.0
428,84.0,78.0,85.0,79.0
429,86.0,77.0,83.0,79.0
430,87.0,80.0,87.0,80.0
431,86.0,80.0,87.0,81.0
432,87.0,80.0,86.0,79.0
433,84.0,77.0,86.0,78.0
434,85.0,80.0,86.0,79.0
435,84.0,76.0,86.0,79.0
436,81.0,75.0,84.0,79.0
437,83.0,75.0,83.0,78.0
438,82.0,75.0,84.0,77.0
439,78.0,73.0,84.0,76.0
440,79.0,71.0,82.0,77.0
441,81.0,74.0,84.0,77.0
442,82.0,74.0,84.0,77.0
443,81.0,74.0,83.0,77.0
444,77.0,71.0,84.0,77.0
445,77.0,72.0,85.0,78.0
446,77.0,71.0,85.0,76.0
447,77.0,69.0,84.0,78.0
448,74.0,68.0,83.0,77.0
449,74.0,68.0,83.0,76.0
450,73.0,66.0,82.0,78.0
451,74.0,67.0,84.0,77.0
452,76.0,67.0,83.0,77.0
453,73.0,67.0,84.0,74.0
454,71.0,65.0,81.0,74.0
455,70.0,66.0,79.0,72.0
456,72.0,67.0,78.0,71.0
457,71.0,68.0,79.0,74.0
458,73.0,68.0,79.0,73.0
459,77.0,70.0,79.0,71.0
460,79.0,72.0,81.0,71.0
461,79.0,73.0,81.0,72.0
462,78.0,73.0,81.0,74.0
463,80.0,74.0,81.0,76.0
464,80.0,73.0,80.0,73.0
465,80.0,73.0,80.0,72.0
466,80.0,76.0,82.0,74.0
467,84.0,76.0,81.0,76.0
468,85.0,77.0,82.0,76.0
469,83.0,78.0,80.0,73.0
470,87.0,79.0,81.0,74.0
471,89.0,81.0,80.0,75.0
472,90.0,82.0,81.0,76.0
473,91.0,84.0,82.0,75.0
474,96.0,88.0,83.0,77.0
475,99.0,91.0,85.0,77.0
476,100.0,90.0,85.0,77.0
477,100.0,93.0,87.0,79.0
478,100.0,90.0,87.0,81.0
479,100.0,92.0,90.0,82.0
480,104.0,96.0,91.0,85.0
481,105.0,97.0,92.0,85.0
482,106.0,98.0,94.0,86.0
483,108.0,101.0,95.0,89.0
484,116.0,105.0,100.0,91.0
485,119.0,107.0,101.0,91.0
486,120.0,107.0,103.0,93.0
487,122.0,110.0,103.0,95.0
488,122.0,109.0,104.0,96.0
489,124.0,113.0,105.0,97.0
490,123.0,113.0,107.0,98.0
491,125.0,115.0,108.0,100.0
492,128.0,119.0,112.0,101.0
493,134.0,121.0,116.0,104.0
494,133.0,121.0,118.0,105.0
495,136.0,124.0,119.0,107.0
496,138.0,127.0,120.0,108.0
497,140.0,128.0,120.0,111.0
498,141.0,129.0,121.0,112.0
499,140.0,130.0,123.0,112.0
500,140.0,129.0,125.0,113.0
501,145.0,132.0,128.0,115.0
502,143.0,133.0,128.0,115.0
503,146.0,133.0,130.0,120.0
504,146.0,133.0,134.0,122.0
505,149.0,137.0,136.0,123.0
506,150.0,136.0,136.0,122.0
507,151.0,137.0,137.0,124.0
508,152.0,138.0,138.0,124.0
509,151.0,137.0,139.0,128.0
510,155.0,139.0,140.0,129.0
511,155.0,139.0,141.0,131.0
512,154.0,140.0,145.0,132.0
513,154.0,141.0,147.0,132.0
514,154.0,140.0,147.0,132.0
515,154.0,139.0,145.0,134.0
516,153.0,140.0,147.0,134.0
517,155.0,142.0,148.0,134.0
518,157.0,141.0,149.0,135.0
519,157.0,143.0,152.0,136.0
520,161.0,145.0,151.0,138.0
521,158.0,145.0,153.0,139.0
522,159.0,145.0,153.0,139.0
523,158.0,145.0,154.0,140.0
524,159.0,142.0,154.0,139.0
525,157.0,142.0,155.0,140.0
526,156.0,143.0,155.0,141.0
527,159.0,145.0,157.0,142.0
528,161.0,147.0,157.0,143.0
529,164.0,150.0,160.0,146.0
530,162.0,150.0,161.0,145.0
531,163.0,148.0,159.0,145.0
532,164.0,149.0,160.0,145.0
533,162.0,150.0,161.0,146.0
534,162.0,148.0,161.0,146.0
535,163.0,148.0,161.0,145.0
536,161.0,147.0,159.0,144.0
537,160.0,144.0,159.0,144.0
538,160.0,145.0,158.0,143.0
539,158.0,142.0,159.0,142.0
540,155.0,142.0,158.0,143.0
541,154.0,140.0,156.0,144.0
542,156.0,140.0,157.0,144.0
543,153.0,140.0,157.0,142.0
544,154.0,138.0,155.0,141.0
545,153.0,139.0,155.0,141.0
546,150.0,136.0,155.0,140.0
547,146.0,131.0,154.0,140.0
548,142.0,128.0,154.0,138.0
549,140.0,127.0,150.0,138.0
550,138.0,128.0,151.0,137.0
551,139.0,126.0,151.0,137.0
552,136.0,125.0,151.0,136.0
553,136.0,124.0,151.0,136.0
554,134.0,123.0,150.0,136.0
555,135.0,123.0,149.0,137.0
556,136.0,125.0,150.0,136.0
557,137.0,124.0,149.0,134.0
558,135.0,124.0,148.0,133.0
559,135.0,124.0,149.0,132.0
560,133.0,122.0,143.0,130.0
561,136.0,125.0,144.0,131.0
562,136.0,124.0,144.0,129.0
563,134.0,124.0,144.0,130.0
564,133.0,122.0,143.0,130.0
565,134.0,123.0,144.0,130.0
566,134.0,121.0,142.0,128.0
567,134.0,122.0,140.0,128.0
568,132.0,121.0,138.0,126.0
569,133.0,121.0,136.0,124.0
570,131.0,119.0,136.0,124.0
571,127.0,114.0,136.0,123.0
572,128.0,116.0,134.0,123.0
573,131.0,117.0,133.0,121.0
574,129.0,117.0,134.0,121.0
575,128.0,117.0,134.0,121.0
576,125.0,116.0,132.0,120.0
577,125.0,114.0,132.0,120.0
578,126.0,113.0,131.0,118.0
579,125.0,115.0,130.0,120.0
580,126.0,114.0,129.0,119.0
581,122.0,113.0,130.0,117.0
582,121.0,111.0,129.0,117.0
583,122.0,110.0,127.0,118.0
584,122.0,110.0,128.0,116.0
585,119.0,109.0,127.0,114.0
586,120.0,109.0,127.0,115.0
587,121.0,110.0,128.0,117.0
588,123.0,114.0,129.0,116.0
589,126.0,116.0,127.0,117.0
590,125.0,115.0,127.0,116.0
591,128.0,117.0,128.0,117.0
592,124.0,114.0,129.0,117.0
593,125.0,114.0,129.0,118.0
594,122.0,114.0,128.0,116.0
595,121.0,110.0,127.0,116.0
596,125.0,112.0,127.0,115.0
597,123.0,111.0,127.0,114.0
598,123.0,112.0,126.0,114.0
599,122.0,112.0,126.0,115.0
600,122.0,110.0,126.0,112.0
601,122.0,110.0,124.0,111.0
602,122.0,111.0,123.0,111.0
603,122.0,110.0,123.0,111.0
604,119.0,107.0,122.0,111.0
605,116.0,107.0,123.0,110.0
606,118.0,106.0,121.0,110.0
607,117.0,106.0,120.0,111.0
608,114.0,104.0,120.0,110.0
609,111.0,99.0,120.0,110.0
610,107.0,97.0,119.0,107.0
611,107.0,99.0,120.0,109.0
612,108.0,98.0,120.0,109.0
613,107.0,99.0,118.0,108.0
614,109.0,100.0,120.0,109.0
615,108.0,98.0,117.0,106.0
616,105.0,96.0,119.0,107.0
617,106.0,97.0,117.0,106.0
618,105.0,95.0,117.0,106.0
619,104.0,94.0,115.0,105.0
620,102.0,93.0,113.0,103.0
621,103.0,93.0,114.0,104.0
622,101.0,91.0,112.0,102.0
623,100.0,90.0,111.0,101.0
624,97.0,89.0,108.0,98.0
625,98.0,90.0,109.0,99.0
626,96.0,87.0,108.0,98.0
627,95.0,86.0,107.0,96.0
628,93.0,85.0,105.0,96.0
629,91.0,84.0,103.0,92.0
630,92.0,84.0,102.0,92.0
631,91.0,83.0,101.0,91.0
632,87.0,80.0,99.0,90.0
633,86.0,79.0,98.0,89.0
634,82.0,76.0,96.0,88.0
635,82.0,76.0,96.0,88.0
636,81.0,73.0,95.0,85.0
637,76.0,69.0,94.0,85.0
638,73.0,67.0,91.0,83.0
639,72.0,66.0,91.0,83.0
640,69.0,63.0,88.0,80.0
641,70.0,63.0,88.0,80.0
642,68.0,61.0,87.0,79.0
643,67.0,60.0,86.0,78.0
644,67.0,60.0,84.0,77.0
645,64.0,58.0,83.0,76.0
646,63.0,58.0,81.0,74.0
647,61.0,56.0,80.0,73.0
648,61.0,56.0,79.0,71.0
649,59.0,54.0,77.0,69.0
650,60.0,55.0,77.0,70.0
651,56.0,52.0,76.0,69.0
652,57.0,52.0,74.0,68.0
653,56.0,52.0,74.0,67.0
654,56.0,52.0,71.0,66.0
655,58.0,52.0,72.0,65.0
656,57.0,52.0,70.0,64.0
657,57.0,52.0,68.0,62.0
658,57.0,53.0,66.0,60.0
659,58.0,53.0,66.0,60.0
660,58.0,53.0,66.0,59.0
661,56.0,52.0,64.0,59.0
662,58.0,52.0,64.0,59.0
663,56.0,50.0,63.0,58.0
664,55.0,50.0,63.0,57.0
665,55.0,51.0,61.0,55.0
666,54.0,50.0,59.0,54.0
667,53.0,49.0,58.0,53.0
668,52.0,48.0,59.0,53.0
669,53.0,47.0,56.0,50.0
670,54.0,48.0,57.0,52.0
671,54.0,48.0,55.0,51.0
672,55.0,49.0,56.0,51.0
673,54.0,48.0,55.0,50.0
674,53.0,48.0,56.0,51.0
675,51.0,47.0,55.0,50.0
676,53.0,48.0,57.0,53.0
677,52.0,49.0,57.0,52.0
678,53.0,47.0,57.0,51.0
679,53.0,48.0,58.0,51.0
680,53.0,47.0,57.0,52.0
681,54.0,49.0,57.0,52.0
682,56.0,50.0,57.0,53.0
683,56.0,51.0,57.0,51.0
684,56.0,52.0,56.0,51.0
685,55.0,49.0,56.0,50.0
686,54.0,49.0,54.0,50.0
687,54.0,49.0,56.0,51.0
688,54.0,49.0,55.0,50.0
689,54.0,49.0,55.0,50.0
690,52.0,48.0,55.0,50.0
691,54.0,50.0,56.0,51.0
692,53.0,48.0,56.0,52.0
693,53.0,49.0,56.0,51.0
694,55.0,50.0,55.0,51.0
695,55.0,51.0,55.0,50.0
696,56.0,50.0,54.0,50.0
697,55.0,50.0,54.0,50.0
698,55.0,51.0,54.0,50.0
699,55.0,51.0,55.0,49.0
700,54.0,50.0,54.0,49.0
701,55.0,50.0,54.0,50.0
702,55.0,49.0,56.0,51.0
703,57.0,50.0,57.0,53.0
704,56.0,51.0,58.0,53.0
705,57.0,52.0,57.0,52.0
706,58.0,52.0,57.0,51.0
707,57.0,52.0,56.0,52.0
708,59.0,52.0,56.0,52.0
709,60.0,53.0,56.0,52.0
710,60.0,55.0,56.0,51.0
711,59.0,54.0,58.0,51.0
712,59.0,53.0,57.0,52.0
713,58.0,52.0,57.0,52.0
714,57.0,53.0,57.0,52.0
715,58.0,53.0,57.0,52.0
716,60.0,54.0,59.0,53.0
717,60.0,54.0,58.0,54.0
718,60.0,54.0,58.0,53.0
719,59.0,54.0,58.0,53.0
720,61.0,56.0,58.0,54.0
721,60.0,54.0,57.0,53.0
722,57.0,53.0,57.0,53.0
723,59.0,54.0,59.0,53.0
724,59.0,54.0,61.0,53.0
725,59.0,55.0,59.0,55.0
726,60.0,54.0,60.0,56.0
727,61.0,56.0,60.0,55.0
728,61.0,57.0,62.0,55.0
729,62.0,55.0,62.0,56.0
730,62.0,55.0,62.0,56.0
731,62.0,57.0,60.0,56.0
732,62.0,57.0,62.0,56.0
733,65.0,61.0,63.0,57.0
734,65.0,60.0,63.0,57.0
735,65.0,59.0,62.0,57.0
736,63.0,58.0,63.0,57.0
737,64.0,59.0,62.0,57.0
738,64.0,59.0,62.0,57.0
739,63.0,58.0,62.0,56.0
740,62.0,57.0,63.0,57.0
741,64.0,58.0,63.0,57.0
742,65.0,60.0,63.0,58.0
743,66.0,60.0,63.0,58.0
744,66.0,61.0,64.0,58.0
745,69.0,63.0,63.0,59.0
746,68.0,62.0,65.0,59.0
747,69.0,63.0,65.0,59.0
748,68.0,63.0,64.0,59.0
749,68.0,63.0,64.0,57.0
750,69.0,63.0,66.0,59.0
751,70.0,64.0,66.0,60.0
752,70.0,64.0,66.0,60.0
753,70.0,63.0,67.0,61.0
754,71.0,64.0,68.0,61.0
755,70.0,65.0,68.0,61.0
756,71.0,65.0,67.0,61.0
757,72.0,66.0,67.0,61.0
758,73.0,68.0,68.0,62.0
759,75.0,68.0,69.0,63.0
760,75.0,68.0,70.0,62.0
761,76.0,69.0,70.0,64.0
762,77.0,70.0,73.0,67.0
763,77.0,70.0,73.0,67.0
764,76.0,70.0,74.0,66.0
765,75.0,69.0,74.0,65.0
766,74.0,68.0,74.0,66.0
767,74.0,67.0,73.0,66.0
768,74.0,68.0,72.0,66.0
769,74.0,68.0,73.0,65.0
770,73.0,66.0,73.0,65.0
771,71.0,65.0,71.0,65.0
772,70.0,65.0,72.0,64.0
773,71.0,67.0,72.0,65.0
774,72.0,66.0,72.0,66.0
775,73.0,67.0,72.0,66.0
776,74.0,68.0,72.0,65.0
777,71.0,65.0,72.0,64.0
778,70.0,66.0,72.0,65.0
779,72.0,65.0,73.0,68.0
780,69.0,64.0,72.0,66.0
781,71.0,64.0,74.0,65.0
782,69.0,64.0,74.0,67.0
783,67.0,63.0,75.0,68.0
784,68.0,60.0,72.0,66.0
785,69.0,63.0,74.0,65.0
786,71.0,66.0,73.0,65.0
787,72.0,66.0,71.0,65.0
788,72.0,66.0,72.0,67.0
789,71.0,66.0,74.0,65.0
790,73.0,67.0,73.0,65.0
791,75.0,68.0,74.0,68.0
792,77.0,68.0,74.0,67.0
793,77.0,68.0,74.0,67.0
794,76.0,69.0,74.0,68.0
795,77.0,71.0,74.0,69.0
796,76.0,71.0,75.0,69.0
797,77.0,73.0,76.0,68.0
798,78.0,72.0,74.0,67.0
799,79.0,71.0,75.0,66.0
800,78.0,72.0,74.0,68.0
801,81.0,72.0,74.0,69.0
802,80.0,72.0,75.0,69.0
803,79.0,71.0,74.0,66.0
804,80.0,73.0,73.0,69.0
805,80.0,74.0,74.0,69.0
806,80.0,74.0,76.0,68.0
807,81.0,75.0,78.0,70.0
808,79.0,75.0,79.0,70.0
809,82.0,74.0,77.0,69.0
810,82.0,75.0,77.0,72.0
811,84.0,77.0,78.0,74.0
812,84.0,76.0,79.0,74.0
813,83.0,75.0,79.0,73.0
814,82.0,77.0,80.0,74.0
815,84.0,75.0,80.0,73.0
816,80.0,74.0,80.0,73.0
817,79.0,74.0,79.0,72.0
818,80.0,73.0,80.0,72.0
819,80.0,73.0,79.0,73.0
820,80.0,74.0,78.0,74.0
821,80.0,72.0,80.0,74.0
822,81.0,72.0,80.0,74.0
823,82.0,73.0,80.0,75.0
824,82.0,73.0,80.0,75.0
825,80.0,73.0,80.0,76.0
826,80.0,73.0,80.0,75.0
827,77.0,72.0,82.0,75.0
828,78.0,71.0,81.0,75.0
829,77.0,71.0,82.0,75.0
830,81.0,73.0,81.0,74.0
831,78.0,69.0,82.0,75.0
832,80.0,70.0,82.0,75.0
833,80.0,71.0,81.0,73.0
834,78.0,71.0,82.0,74.0
835,78.0,70.0,80.0,73.0
836,79.0,72.0,81.0,74.0
837,79.0,73.0,80.0,74.0
838,79.0,73.0,81.0,73.0
839,78.0,71.0,80.0,74.0
840,77.0,69.0,80.0,73.0
841,77.0,68.0,78.0,71.0
842,75.0,70.0,79.0,72.0
843,74.0,68.0,79.0,72.0
844,75.0,68.0,80.0,71.0
845,73.0,69.0,79.0,72.0
846,73.0,68.0,78.0,70.0
847,73.0,68.0,78.0,69.0
848,73.0,68.0,77.0,69.0
849,72.0,65.0,74.0,70.0
850,69.0,65.0,75.0,69.0
851,68.0,60.0,73.0,68.0
852,67.0,60.0,74.0,67.0
853,65.0,59.0,73.0,67.0
854,64.0,58.0,71.0,65.0
855,63.0,57.0,71.0,64.0
856,61.0,56.0,71.0,65.0
857,61.0,56.0,70.0,65.0
858,60.0,55.0,71.0,64.0
859,58.0,52.0,68.0,62.0
860,58.0,52.0,68.0,62.0
861,56.0,51.0,67.0,60.0
862,55.0,49.0,67.0,60.0
863,53.0,49.0,66.0,60.0
864,53.0,49.0,62.0,57.0
865,52.0,47.0,63.0,57.0
866,50.0,46.0,62.0,57.0
867,50.0,44.0,61.0,56.0
868,49.0,44.0,60.0,55.0
869,48.0,44.0,60.0,55.0
870,47.0,43.0,60.0,54.0
871,45.0,43.0,58.0,52.0
872,47.0,42.0,57.0,53.0
873,46.0,43.0,56.0,51.0
874,44.0,42.0,56.0,50.0
875,45.0,41.0,55.0,52.0
876,45.0,43.0,55.0,51.0
877,45.0,43.0,55.0,51.0
878,45.0,43.0,54.0,48.0
879,46.0,43.0,53.0,48.0
880,46.0,43.0,52.0,49.0
881,46.0,43.0,53.0,49.0
882,45.0,44.0,52.0,46.0
883,45.0,41.0,50.0,46.0
884,44.0,42.0,51.0,48.0
885,42.0,39.0,50.0,45.0
886,42.0,38.0,49.0,45.0
887,41.0,37.0,48.0,43.0
888,41.0,37.0,47.0,42.0
889,39.0,36.0,46.0,42.0
890,40.0,38.0,44.0,41.0
891,39.0,36.0,43.0,40.0
892,38.0,36.0,44.0,40.0
893,39.0,36.0,43.0,39.0
894,39.0,35.0,43.0,40.0
895,39.0,37.0,44.0,39.0
896,40.0,38.0,45.0,41.0
897,39.0,37.0,43.0,41.0
898,39.0,35.0,42.0,41.0
899,37.0,35.0,45.0,40.0
900,37.0,36.0,43.0,42.0
901,37.0,36.0,43.0,40.0
902,39.0,36.0,43.0,41.0
903,40.0,36.0,44.0,41.0
904,41.0,37.0,45.0,41.0
905,40.0,38.0,44.0,40.0
906,42.0,39.0,44.0,40.0
907,42.0,38.0,42.0,40.0
908,41.0,39.0,42.0,40.0
909,42.0,40.0,45.0,40.0
910,44.0,40.0,45.0,42.0
911,44.0,40.0,45.0,41.0
912,45.0,40.0,43.0,41.0
913,44.0,40.0,43.0,41.0
914,45.0,43.0,44.0,40.0
915,46.0,43.0,43.0,39.0
916,46.0,43.0,42.0,40.0
917,47.0,43.0,44.0,40.0
918,49.0,46.0,44.0,40.0
919,48.0,46.0,43.0,39.0
920,50.0,45.0,44.0,39.0
921,51.0,46.0,44.0,41.0
922,51.0,47.0,44.0,41.0
923,52.0,48.0,46.0,43.0
924,52.0,49.0,46.0,43.0
925,55.0,51.0,48.0,45.0
926,56.0,53.0,50.0,45.0
927,57.0,53.0,51.0,47.0
928,57.0,54.0,51.0,47.0
929,57.0,53.0,52.0,50.0
930,58.0,53.0,52.0,48.0
931,62.0,54.0,54.0,49.0
932,61.0,55.0,54.0,49.0
933,61.0,56.0,54.0,49.0
934,63.0,57.0,55.0,50.0
935,63.0,58.0,56.0,52.0
936,62.0,57.0,57.0,53.0
937,65.0,60.0,58.0,53.0
938,66.0,60.0,58.0,54.0
939,67.0,62.0,58.0,55.0
940,68.0,61.0,61.0,56.0
941,70.0,64.0,63.0,55.0
942,71.0,65.0,65.0,58.0
943,73.0,67.0,65.0,58.0
944,75.0,67.0,64.0,58.0
945,73.0,67.0,65.0,61.0
946,75.0,68.0,66.0,61.0
947,77.0,71.0,68.0,62.0
948,76.0,70.0,68.0,62.0
949,77.0,70.0,69.0,62.0
950,78.0,71.0,69.0,63.0
951,77.0,70.0,71.0,63.0
952,77.0,71.0,71.0,64.0
953,78.0,72.0,71.0,65.0
954,77.0,71.0,72.0,66.0
955,78.0,71.0,72.0,67.0
956,79.0,74.0,74.0,66.0
957,79.0,71.0,74.0,66.0
958,79.0,73.0,74.0,66.0
959,80.0,75.0,76.0,67.0
960,79.0,74.0,76.0,68.0
961,81.0,73.0,77.0,72.0
962,82.0,73.0,78.0,71.0
963,83.0,78.0,80.0,72.0
964,84.0,76.0,80.0,74.0
965,85.0,74.0,79.0,74.0
966,86.0,77.0,80.0,74.0
967,83.0,77.0,81.0,74.0
968,84.0,76.0,81.0,73.0
969,86.0,80.0,84.0,76.0
970,88.0,80.0,84.0,77.0
971,88.0,81.0,85.0,76.0
972,89.0,80.0,85.0,77.0
973,86.0,81.0,86.0,76.0
974,87.0,83.0,86.0,78.0
975,89.0,81.0,86.0,77.0
976,87.0,80.0,86.0,77.0
977,90.0,79.0,86.0,77.0
978,89.0,80.0,86.0,78.0
979,92.0,83.0,86.0,79.0
980,92.0,84.0,87.0,79.0
981,93.0,85.0,87.0,79.0
982,94.0,88.0,88.0,79.0
983,91.0,84.0,90.0,79.0
984,90.0,82.0,87.0,77.0
985,90.0,81.0,84.0,79.0
986,88.0,81.0,86.0,78.0
987,87.0,80.0,85.0,77.0
988,88.0,80.0,84.0,78.0
989,86.0,79.0,84.0,77.0
990,83.0,77.0,86.0,78.0
991,83.0,76.0,85.0,78.0
992,81.0,74.0,86.0,77.0
993,83.0,77.0,87.0,77.0
994,84.0,75.0,86.0,78.0
995,83.0,74.0,86.0,78.0
996,84.0,75.0,85.0,79.0
997,82.0,75.0,84.0,79.0
998,81.0,76.0,86.0,80.0
999,79.0,70.0,85.0,78.0
1000,78.0,72.0,87.0,79.0
1001,76.0,69.0,87.0,78.0
1002,74.0,67.0,86.0,79.0
1003,73.0,66.0,85.0,76.0
1004,72.0,67.0,83.0,75.0
1005,75.0,69.0,83.0,75.0
1006,75.0,69.0,82.0,74.0
1007,73.0,68.0,82.0,74.0
1008,72.0,67.0,83.0,75.0
1009,74.0,66.0,81.0,75.0
1010,72.0,69.0,79.0,75.0
1011,73.0,67.0,79.0,73.0
1012,72.0,67.0,79.0,71.0
1013,71.0,64.0,77.0,71.0
1014,69.0,63.0,76.0,70.0
1015,71.0,64.0,74.0,70.0
1016,69.0,64.0,75.0,70.0
1017,70.0,62.0,74.0,70.0
1018,69.0,63.0,75.0,69.0
1019,68.0,62.0,73.0,66.0
1020,65.0,61.0,72.0,65.0
1021,66.0,60.0,72.0,64.0
1022,66.0,61.0,71.0,64.0
1023,67.0,61.0,71.0,64.0
1024,66.0,60.0,71.0,62.0
1025,65.0,60.0,70.0,64.0
1026,66.0,61.0,68.0,64.0
1027,64.0,59.0,67.0,63.0
1028,66.0,60.0,68.0,63.0
1029,60.0,56.0,68.0,62.0
1030,59.0,57.0,67.0,62.0
1031,60.0,54.0,66.0,63.0
1032,58.0,53.0,66.0,60.0
1033,58.0,54.0,65.0,60.0
1034,58.0,54.0,65.0,60.0
1035,58.0,54.0,66.0,60.0
1036,58.0,54.0,66.0,60.0
1037,59.0,54.0,66.0,58.0
1038,59.0,55.0,63.0,59.0
1039,60.0,56.0,63.0,59.0
1040,58.0,55.0,63.0,59.0
1041,60.0,56.0,65.0,61.0
1042,61.0,56.0,65.0,60.0
1043,61.0,56.0,65.0,56.0
1044,63.0,57.0,64.0,58.0
1045,61.0,56.0,63.0,58.0
1046,61.0,55.0,63.0,58.0
1047,61.0,56.0,64.0,56.0
1048,60.0,56.0,63.0,58.0
1049,63.0,58.0,62.0,58.0
1050,63.0,59.0,62.0,58.0
1051,63.0,58.0,62.0,58.0
1052,65.0,59.0,62.0,58.0
1053,64.0,59.0,62.0,58.0
1054,63.0,58.0,62.0,56.0
1055,62.0,59.0,61.0,56.0
1056,61.0,56.0,61.0,56.0
1057,62.0,56.0,60.0,55.0
1058,64.0,57.0,60.0,55.0
1059,62.0,56.0,60.0,57.0
1060,63.0,59.0,62.0,57.0
1061,62.0,57.0,63.0,56.0
1062,65.0,58.0,64.0,56.0
1063,65.0,59.0,64.0,57.0
1064,64.0,58.0,65.0,57.0
1065,63.0,56.0,63.0,57.0
1066,63.0,57.0,64.0,58.0
1067,64.0,59.0,63.0,58.0
1068,62.0,57.0,62.0,57.0
1069,64.0,59.0,64.0,58.0
1070,66.0,60.0,66.0,59.0
1071,68.0,62.0,67.0,62.0
1072,69.0,63.0,67.0,62.0
1073,70.0,64.0,68.0,62.0
1074,71.0,66.0,68.0,61.0
1075,71.0,66.0,66.0,62.0
1076,72.0,65.0,67.0,61.0
1077,73.0,66.0,67.0,62.0
1078,73.0,67.0,68.0,62.0
1079,77.0,70.0,68.0,62.0
1080,75.0,68.0,69.0,63.0
1081,75.0,67.0,70.0,64.0
1082,73.0,68.0,69.0,64.0
1083,72.0,67.0,71.0,64.0
1084,75.0,68.0,73.0,66.0
1085,76.0,71.0,72.0,68.0
1086,78.0,71.0,74.0,67.0
1087,80.0,72.0,75.0,68.0
1088,80.0,75.0,75.0,69.0
1089,81.0,74.0,76.0,68.0
1090,81.0,73.0,76.0,70.0
1091,82.0,75.0,78.0,73.0
1092,81.0,74.0,79.0,73.0
1093,84.0,77.0,81.0,73.0
1094,86.0,78.0,81.0,75.0
1095,85.0,79.0,82.0,75.0
1096,85.0,77.0,82.0,75.0
1097,88.0,79.0,83.0,75.0
1098,89.0,80.0,85.0,77.0
1099,87.0,79.0,85.0,78.0
1100,86.0,79.0,85.0,78.0
1101,87.0,79.0,86.0,77.0
1102,86.0,79.0,85.0,79.0
1103,88.0,81.0,84.0,79.0
1104,90.0,83.0,85.0,79.0
1105,88.0,79.0,85.0,78.0
1106,89.0,81.0,87.0,79.0
1107,89.0,81.0,86.0,79.0
1108,89.0,82.0,88.0,79.0
1109,92.0,83.0,88.0,81.0
1110,94.0,84.0,89.0,82.0
1111,95.0,87.0,90.0,81.0
1112,97.0,87.0,90.0,81.0
1113,97.0,89.0,92.0,83.0
1114,98.0,89.0,92.0,85.0
1115,97.0,89.0,92.0,83.0
1116,100.0,90.0,94.0,84.0
1117,98.0,90.0,96.0,85.0
1118,99.0,90.0,95.0,86.0
1119,97.0,88.0,93.0,85.0
1120,98.0,90.0,94.0,86.0
1121,103.0,94.0,96.0,87.0
1122,107.0,97.0,99.0,89.0
1123,108.0,98.0,98.0,91.0
1124,107.0,96.0,101.0,91.0
1125,107.0,97.0,99.0,91.0
1126,106.0,97.0,100.0,91.0
1127,108.0,100.0,101.0,93.0
1128,110.0,102.0,101.0,93.0
1129,111.0,102.0,103.0,94.0
1130,113.0,102.0,103.0,95.0
1131,111.0,100.0,104.0,94.0
1132,112.0,103.0,105.0,96.0
1133,111.0,101.0,107.0,97.0
1134,113.0,103.0,106.0,96.0
1135,112.0,102.0,106.0,96.0
1136,113.0,103.0,107.0,97.0
1137,113.0,103.0,108.0,97.0
1138,117.0,107.0,109.0,101.0
1139,118.0,109.0,110.0,101.0
1140,122.0,109.0,112.0,103.0
1141,122.0,110.0,113.0,103.0
1142,122.0,111.0,113.0,105.0
1143,122.0,112.0,116.0,105.0
1144,125.0,114.0,117.0,106.0
1145,128.0,118.0,120.0,109.0
1146,129.0,117.0,122.0,107.0
1147,130.0,117.0,121.0,107.0
1148,131.0,120.0,120.0,110.0
1149,131.0,118.0,123.0,111.0
1150,133.0,121.0,123.0,111.0
1151,134.0,124.0,125.0,112.0
1152,134.0,123.0,124.0,112.0
1153,135.0,123.0,125.0,113.0
1154,137.0,123.0,127.0,114.0
1155,138.0,124.0,127.0,114.0
1156,137.0,125.0,127.0,113.0
1157,138.0,125.0,126.0,115.0
1158,135.0,123.0,129.0,117.0
1159,136.0,124.0,130.0,118.0
1160,136.0,123.0,132.0,119.0
1161,134.0,124.0,131.0,122.0
1162,138.0,124.0,132.0,120.0
1163,137.0,125.0,131.0,120.0
1164,135.0,122.0,133.0,121.0
1165,137.0,125.0,136.0,124.0
1166,135.0,124.0,137.0,123.0
1167,136.0,125.0,136.0,122.0
1168,137.0,126.0,136.0,124.0
1169,139.0,127.0,136.0,125.0
1170,138.0,125.0,137.0,125.0
1171,135.0,121.0,136.0,125.0
1172,135.0,122.0,136.0,123.0
1173,132.0,122.0,136.0,122.0
1174,133.0,122.0,136.0,124.0
1175,132.0,121.0,138.0,124.0
1176,134.0,120.0,137.0,126.0
1177,132.0,120.0,137.0,123.0
1178,132.0,120.0,137.0,125.0
1179,134.0,121.0,137.0,126.0
1180,135.0,122.0,137.0,124.0
1181,134.0,122.0,137.0,124.0
1182,131.0,121.0,137.0,123.0
1183,132.0,121.0,136.0,123.0
1184,129.0,120.0,136.0,124.0
1185,130.0,119.0,135.0,125.0
1186,131.0,118.0,135.0,126.0
1187,131.0,117.0,137.0,123.0
1188,129.0,119.0,135.0,124.0
1189,127.0,115.0,135.0,123.0
1190,127.0,116.0,133.0,121.0
1191,129.0,117.0,133.0,122.0
1192,127.0,115.0,133.0,120.0
1193,130.0,117.0,133.0,121.0
1194,128.0,118.0,132.0,121.0
1195,128.0,117.0,131.0,119.0
1196,126.0,118.0,132.0,118.0
1197,127.0,120.0,132.0,121.0
1198,126.0,118.0,132.0,118.0
1199,125.0,115.0,129.0,116.0
1200,126.0,116.0,129.0,117.0
1201,125.0,115.0,131.0,118.0
1202,127.0,114.0,129.0,118.0
1203,128.0,120.0,128.0,119.0
1204,128.0,118.0,129.0,117.0
1205,128.0,117.0,130.0,116.0
1206,131.0,119.0,130.0,119.0
1207,129.0,118.0,131.0,119.0
1208,130.0,117.0,132.0,122.0
1209,133.0,120.0,133.0,119.0
1210,131.0,119.0,130.0,119.0
1211,128.0,119.0,131.0,119.0
1212,132.0,120.0,132.0,118.0
1213,132.0,118.0,131.0,121.0
1214,133.0,120.0,132.0,119.0
1215,130.0,122.0,130.0,117.0
1216,133.0,121.0,133.0,118.0
1217,131.0,120.0,134.0,119.0
1218,134.0,121.0,131.0,120.0
1219,133.0,121.0,129.0,116.0
1220,129.0,118.0,129.0,117.0
1221,127.0,120.0,127.0,117.0
1222,128.0,117.0,128.0,116.0
1223,124.0,114.0,128.0,115.0
1224,123.0,113.0,130.0,115.0
1225,127.0,118.0,130.0,119.0
1226,125.0,115.0,128.0,118.0
1227,126.0,114.0,128.0,118.0
1228,121.0,111.0,126.0,116.0
1229,120.0,111.0,127.0,116.0
1230,119.0,111.0,128.0,116.0
1231,120.0,111.0,128.0,116.0
1232,119.0,108.0,128.0,115.0
1233,117.0,105.0,126.0,115.0
1234,118.0,107.0,126.0,116.0
1235,117.0,107.0,125.0,117.0
1236,117.0,108.0,125.0,114.0
1237,115.0,107.0,125.0,115.0
1238,117.0,106.0,125.0,115.0
1239,116.0,107.0,126.0,115.0
1240,120.0,109.0,127.0,113.0
1241,123.0,110.0,127.0,113.0
1242,120.0,109.0,126.0,114.0
1243,119.0,108.0,124.0,112.0
1244,121.0,110.0,125.0,115.0
1245,122.0,110.0,126.0,116.0
1246,123.0,112.0,124.0,112.0
1247,119.0,108.0,122.0,113.0
1248,121.0,111.0,123.0,111.0
1249,121.0,112.0,122.0,111.0
1250,123.0,113.0,122.0,112.0
1251,123.0,114.0,120.0,112.0
1252,119.0,111.0,123.0,112.0
1253,122.0,111.0,123.0,111.0
1254,122.0,111.0,123.0,110.0
1255,122.0,110.0,120.0,108.0
1256,121.0,110.0,119.0,111.0
1257,120.0,109.0,119.0,108.0
1258,120.0,109.0,118.0,108.0
1259,121.0,110.0,118.0,108.0
1260,117.0,108.0,118.0,109.0
1261,117.0,107.0,118.0,108.0
1262,119.0,108.0,118.0,108.0
1263,119.0,109.0,120.0,109.0
1264,113.0,105.0,119.0,109.0
1265,110.0,101.0,118.0,106.0
1266,109.0,99.0,116.0,106.0
1267,111.0,102.0,115.0,103.0
1268,109.0,101.0,113.0,101.0
1269,104.0,95.0,112.0,102.0
1270,101.0,92.0,113.0,104.0
1271,101.0,92.0,111.0,102.0
1272,98.0,90.0,111.0,101.0
1273,96.0,89.0,111.0,102.0
1274,95.0,87.0,111.0,100.0
1275,93.0,85.0,109.0,99.0
1276,91.0,84.0,107.0,98.0
1277,87.0,81.0,107.0,97.0
1278,90.0,82.0,108.0,98.0
1279,86.0,79.0,106.0,97.0
1280,84.0,78.0,104.0,96.0
1281,83.0,77.0,104.0,94.0
1282,81.0,72.0,103.0,94.0
1283,79.0,73.0,100.0,92.0
1284,79.0,72.0,99.0,90.0
1285,79.0,73.0,99.0,89.0
1286,79.0,70.0,99.0,88.0
1287,77.0,70.0,97.0,87.0
1288,76.0,68.0,97.0,86.0
1289,74.0,67.0,91.0,83.0
1290,69.0,62.0,88.0,80.0
1291,67.0,60.0,86.0,78.0
1292,67.0,61.0,85.0,78.0
1293,65.0,58.0,83.0,75.0
1294,62.0,58.0,81.0,72.0
1295,62.0,57.0,79.0,72.0
1296,58.0,53.0,77.0,70.0
1297,56.0,51.0,74.0,68.0
1298,52.0,46.0,69.0,64.0
1299,51.0,46.0,67.0,61.0
1300,50.0,47.0,67.0,61.0
1301,47.0,43.0,66.0,59.0
1302,46.0,42.0,64.0,59.0
1303,41.0,38.0,61.0,56.0
1304,40.0,36.0,60.0,56.0
1305,38.0,35.0,60.0,55.0
1306,37.0,33.0,58.0,55.0
1307,33.0,30.0,56.0,51.0
1308,32.0,29.0,55.0,49.0
1309,30.0,28.0,52.0,48.0
1310,30.0,27.0,51.0,45.0
1311,29.0,28.0,48.0,44.0
1312,29.0,26.0,47.0,43.0
1313,28.0,24.0,45.0,43.0
1314,27.0,26.0,45.0,41.0
1315,28.0,24.0,44.0,41.0
1316,26.0,23.0,43.0,37.0
1317,26.0,23.0,39.0,37.0
1318,25.0,23.0,38.0,34.0
1319,21.0,21.0,36.0,34.0
1320,20.0,18.0,36.0,33.0
1321,20.0,18.0,34.0,31.0
1322,20.0,17.0,32.0,30.0
1323,19.0,17.0,30.0,28.0
1324,16.0,16.0,30.0,26.0
1325,16.0,16.0,29.0,26.0
1326,16.0,15.0,26.0,25.0
1327,15.0,14.0,25.0,25.0
1328,14.0,13.0,24.0,23.0
1329,12.0,12.0,23.0,23.0
1330,12.0,11.0,23.0,22.0
1331,11.0,10.0,23.0,22.0
1332,10.0,10.0,22.0,21.0
1333,10.0,10.0,21.0,21.0
1334,9.0,9.0,21.0,21.0
1335,7.0,7.0,21.0,19.0
1336,6.0,6.0,21.0,17.0
1337,6.0,6.0,20.0,17.0
1338,6.0,6.0,18.0,17.0
1339,7.0,7.0,15.0,15.0
1340,6.0,6.0,15.0,14.0
1341,6.0,6.0,15.0,14.0
1342,6.0,6.0,14.0,13.0
1343,6.0,6.0,13.0,13.0
1344,5.0,5.0,13.0,13.0
1345,5.0,5.0,13.0,13.0
1346,5.0,5.0,12.0,12.0
1347,5.0,5.0,11.0,11.0
1348,5.0,5.0,10.0,10.0
1349,5.0,5.0,10.0,9.0
1350,5.0,5.0,9.0,8.0
1351,5.0,5.0,9.0,8.0
1352,5.0,5.0,8.0,7.0
1353,3.0,3.0,7.0,7.0
1354,3.0,3.0,7.0,6.0
1355,3.0,3.0,5.0,5.0
1356,3.0,3.0,5.0,5.0
1357,3.0,3.0,5.0,5.0
1358,3.0,3.0,5.0,5.0
1359,3.0,3.0,5.0,5.0
1360,3.0,3.0,5.0,5.0
1361,2.0,2.0,5.0,5.0
1362,2.0,2.0,5.0,5.0
1363,2.0,2.0,5.0,5.0
1364,2.0,2.0,5.0,5.0
1365,2.0,2.0,5.0,5.0
1366,2.0,2.0,5.0,5.0
1367,2.0,2.0,5.0,5.0
1368,3.0,3.0,5.0,5.0
