grouping,model,regime,N,mean_wait,median_wait,p90_wait,p95_wait,max_wait,pct_gt5,pct_gt20,pct_gt60,pct_finish_after_dep,pct_finish_after_close
flight,ED0,r180,39610,250.49,199.0,574.0,693.55,1289.0,92.72,86.4,76.15,71.11,79.39
flight,ED1,r180,39610,253.67,200.0,572.0,690.55,1287.0,96.33,90.7,79.54,67.93,76.22
flight,ED2,r180,39610,260.49,206.0,577.0,694.0,1287.0,97.7,92.96,81.94,67.41,75.69
flight,ED3,r180,39610,286.3,241.0,630.0,751.0,1343.0,93.13,88.25,79.77,80.03,88.31
flight,ED4,r180,39610,328.9,288.0,690.0,814.55,1402.0,95.73,91.94,84.63,88.24,96.46
flight,ED5,r180,39610,357.87,319.0,730.0,857.0,1463.0,97.2,94.05,87.53,93.42,99.83
flight,EG0,r180,39610,330.3,289.0,655.1,767.0,1298.0,98.89,96.57,90.27,66.96,75.24
flight,EG1,r180,39610,307.25,260.0,623.0,733.0,1285.0,98.82,96.3,89.33,67.03,75.31
flight,EG2,r180,39610,298.3,250.0,613.0,724.0,1285.0,98.73,96.03,88.77,67.09,75.37
flight,EG3,r180,39610,358.37,323.0,706.0,817.55,1361.0,99.0,96.69,90.86,66.9,75.18
flight,EG4,r180,39610,377.46,343.0,743.0,859.55,1425.0,99.13,96.79,91.18,66.88,75.16
flight,EG5,r180,39610,387.67,352.0,762.0,885.0,1471.0,99.17,97.03,91.3,66.88,75.16
flight,N1,r180,39610,325.71,286.0,676.0,794.0,1357.0,96.73,93.27,86.04,69.7,77.98
flight,N10,r180,39610,358.79,321.0,725.1,848.0,1435.0,97.9,95.05,88.61,70.06,78.34
flight,N11,r180,39610,326.07,287.0,678.0,795.0,1367.0,96.89,93.38,86.02,65.6,73.89
flight,N12,r180,39610,295.41,253.0,631.0,742.0,1291.0,95.43,91.41,83.37,61.48,69.76
flight,N13,r180,39610,267.53,223.0,585.0,697.0,1241.0,94.4,89.59,80.68,57.84,66.12
flight,N2,r180,39610,325.55,286.0,677.0,794.0,1372.0,96.73,93.21,85.95,67.62,75.91
flight,N3,r180,39610,267.93,223.0,587.0,698.0,1237.0,94.37,89.72,80.77,61.96,70.24
flight,N4,r180,39610,358.65,321.0,726.0,850.0,1427.0,97.93,95.0,88.55,78.27,86.55
flight,N5,r180,39610,325.74,286.0,679.0,797.0,1367.0,96.68,93.16,85.96,73.82,82.1
flight,N6,r180,39610,295.7,254.0,631.0,744.0,1299.0,95.48,91.4,83.33,69.84,78.12
flight,N7,r180,39610,267.88,223.0,587.0,699.0,1211.0,94.51,89.65,80.87,66.13,74.41
flight,N8,r180,39610,358.65,321.0,726.0,848.0,1430.0,97.84,94.99,88.55,74.17,82.45
flight,N9,r180,39610,295.78,254.0,630.0,744.0,1298.0,95.41,91.51,83.42,65.66,73.94
flight,SL1,r180,39610,333.4,294.0,686.0,802.55,1375.0,97.27,94.03,87.08,70.69,78.97
flight,SL10,r180,39610,363.87,327.0,732.0,854.55,1432.0,98.15,95.5,89.19,70.69,78.98
flight,SL11,r180,39610,333.69,295.0,686.0,802.0,1376.0,97.25,94.05,87.11,66.64,74.92
flight,SL12,r180,39610,305.86,265.0,641.0,755.0,1283.0,96.48,92.71,85.07,62.9,71.18
flight,SL13,r180,39610,280.37,237.0,600.0,708.0,1231.0,95.47,91.39,83.1,59.5,67.78
flight,SL14,r180,39610,342.84,305.0,696.0,811.0,1376.0,97.89,94.98,88.38,71.93,80.21
flight,SL15,r180,39610,342.85,305.0,696.0,812.0,1367.0,97.93,95.0,88.3,69.87,78.15
flight,SL16,r180,39610,294.16,250.0,617.0,730.0,1221.0,96.81,92.99,85.21,65.35,73.63
flight,SL17,r180,39610,369.19,332.0,737.0,860.0,1438.0,98.46,95.94,89.83,79.69,87.97
flight,SL18,r180,39610,342.88,306.0,696.0,812.0,1366.0,97.88,94.96,88.31,76.04,84.32
flight,SL19,r180,39610,318.23,279.0,656.0,766.0,1304.0,97.37,94.11,86.88,72.76,81.04
flight,SL2,r180,39610,333.53,295.0,686.1,800.55,1368.0,97.27,94.08,87.09,68.67,76.95
flight,SL20,r180,39610,293.01,251.0,616.0,724.0,1232.0,96.63,92.86,85.1,69.34,77.62
flight,SL21,r180,39610,369.1,332.5,738.0,859.0,1448.0,98.42,95.92,89.84,75.54,83.82
flight,SL22,r180,39610,317.44,278.0,655.0,769.0,1309.0,97.28,94.0,86.81,68.52,76.8
flight,SL23,r180,39610,369.34,333.0,737.0,859.0,1444.0,98.45,95.96,89.86,71.42,79.7
flight,SL24,r180,39610,342.82,305.0,695.0,810.0,1367.0,97.86,94.97,88.37,67.83,76.11
flight,SL25,r180,39610,317.68,278.0,656.0,769.0,1303.0,97.24,93.92,86.73,64.35,72.63
flight,SL26,r180,39610,293.01,250.0,615.0,725.0,1255.0,96.54,92.84,85.06,61.06,69.34
flight,SL27,r180,39610,350.19,313.0,703.0,820.0,1375.0,98.34,95.68,89.36,72.92,81.2
flight,SL28,r180,39610,350.04,313.0,704.0,818.0,1369.0,98.29,95.67,89.36,70.85,79.13
flight,SL29,r180,39610,304.81,262.0,628.0,736.0,1253.0,97.52,94.39,87.12,66.76,75.04
flight,SL3,r180,39610,279.49,237.0,599.0,710.0,1242.0,95.47,91.15,82.81,63.52,71.81
flight,SL30,r180,39610,373.59,337.0,742.0,863.0,1446.0,98.69,96.34,90.38,80.28,88.56
flight,SL31,r180,39610,350.61,314.0,703.0,821.0,1376.0,98.37,95.75,89.4,77.11,85.39
flight,SL32,r180,39610,327.29,288.0,666.0,776.0,1308.0,97.94,95.05,88.3,73.91,82.19
flight,SL33,r180,39610,305.19,262.0,628.0,735.0,1255.0,97.53,94.35,87.11,70.9,79.18
flight,SL34,r180,39610,373.56,337.0,742.0,864.0,1440.0,98.69,96.33,90.4,76.13,84.41
flight,SL35,r180,39610,327.28,287.0,665.0,778.0,1314.0,97.94,95.03,88.27,69.78,78.06
flight,SL36,r180,39610,373.73,337.0,742.0,864.0,1447.0,98.7,96.37,90.45,72.02,80.3
flight,SL37,r180,39610,350.28,313.0,704.0,820.0,1389.0,98.36,95.72,89.36,68.8,77.08
flight,SL38,r180,39610,327.45,288.0,666.0,778.55,1307.0,97.92,95.02,88.22,65.64,73.92
flight,SL39,r180,39610,304.46,262.0,626.1,738.0,1253.0,97.53,94.36,87.09,62.62,70.9
flight,SL4,r180,39610,363.88,327.0,731.0,853.0,1439.0,98.18,95.49,89.22,78.97,87.25
flight,SL5,r180,39610,333.51,295.0,686.0,801.0,1381.0,97.32,94.03,87.11,74.87,83.15
flight,SL6,r180,39610,306.07,266.0,641.0,756.0,1296.0,96.46,92.71,85.01,71.13,79.41
flight,SL7,r180,39610,280.17,237.0,600.0,709.0,1220.0,95.56,91.22,82.92,67.66,75.94
flight,SL8,r180,39610,364.07,327.0,731.0,854.0,1428.0,98.13,95.48,89.26,74.87,83.15
flight,SL9,r180,39610,305.37,265.0,640.1,753.0,1303.0,96.28,92.53,84.91,66.9,75.19
flight,SR1,r180,39610,318.63,277.5,671.0,788.0,1364.0,96.16,92.39,84.79,68.73,77.01
flight,SR10,r180,39610,354.47,316.0,722.0,846.0,1446.0,97.58,94.61,87.97,69.45,77.74
flight,SR11,r180,39610,318.38,278.0,669.0,789.0,1364.0,96.09,92.33,84.8,64.61,72.89
flight,SR12,r180,39610,287.13,244.0,623.0,735.0,1280.0,94.82,90.29,81.76,60.5,68.78
flight,SR13,r180,39610,258.08,212.0,577.0,689.0,1239.0,93.2,87.97,78.64,56.64,64.92
flight,SR14,r180,39610,313.31,271.0,665.0,786.0,1361.0,95.78,91.79,84.04,68.03,76.31
flight,SR15,r180,39610,314.99,273.0,666.0,788.0,1373.0,95.73,92.04,84.28,66.3,74.58
flight,SR16,r180,39610,253.91,206.0,575.0,687.0,1224.0,92.54,87.25,77.63,60.35,68.63
flight,SR17,r180,39610,351.65,312.0,719.0,844.0,1440.0,97.47,94.37,87.64,77.33,85.61
flight,SR18,r180,39610,314.27,272.0,666.0,787.0,1376.0,95.9,91.93,84.17,72.31,80.59
flight,SR19,r180,39610,282.2,238.0,619.0,735.55,1290.0,94.14,89.52,81.02,68.1,76.38
flight,SR2,r180,39610,318.2,277.0,670.0,788.55,1375.0,96.07,92.34,84.77,66.65,74.93
flight,SR20,r180,39610,253.35,207.0,573.0,685.0,1233.0,92.61,87.08,77.49,64.38,72.66
flight,SR21,r180,39610,351.11,311.0,718.0,843.0,1441.0,97.4,94.3,87.58,73.14,81.42
flight,SR22,r180,39610,281.28,236.0,618.0,734.0,1294.0,94.02,89.25,80.69,63.9,72.18
flight,SR23,r180,39610,350.94,311.0,718.0,843.0,1438.0,97.31,94.29,87.52,68.95,77.23
flight,SR24,r180,39610,313.7,271.5,665.0,785.0,1359.0,95.76,91.77,84.02,64.03,72.31
flight,SR25,r180,39610,283.36,239.0,618.0,737.0,1293.0,94.33,89.77,81.08,59.99,68.27
flight,SR26,r180,39610,253.57,207.0,573.0,686.0,1240.0,92.52,87.07,77.6,56.13,64.41
flight,SR27,r180,39610,311.62,269.0,662.1,784.0,1358.0,95.55,91.6,83.88,67.86,76.14
flight,SR28,r180,39610,311.58,269.0,662.0,783.0,1384.0,95.64,91.53,83.72,65.78,74.06
flight,SR29,r180,39610,252.46,204.0,572.0,689.0,1248.0,92.38,86.92,77.38,60.15,68.43
flight,SR3,r180,39610,260.07,214.0,580.0,689.55,1232.0,93.56,88.36,79.04,61.02,69.3
flight,SR30,r180,39610,349.87,310.0,717.0,842.0,1444.0,97.26,94.08,87.37,77.09,85.37
flight,SR31,r180,39610,312.38,270.0,663.0,785.0,1375.0,95.67,91.69,83.91,72.16,80.44
flight,SR32,r180,39610,278.8,232.0,615.0,734.0,1317.0,93.96,88.98,80.28,67.69,75.97
flight,SR33,r180,39610,251.23,203.0,570.0,685.55,1256.0,92.23,86.81,76.89,64.21,72.49
flight,SR34,r180,39610,350.55,310.0,718.0,844.0,1450.0,97.4,94.23,87.42,72.99,81.27
flight,SR35,r180,39610,279.73,234.0,615.0,734.0,1304.0,94.23,89.04,80.42,63.65,71.93
flight,SR36,r180,39610,350.47,310.0,718.0,843.0,1446.0,97.37,94.22,87.46,68.92,77.2
flight,SR37,r180,39610,311.66,269.0,661.0,785.0,1372.0,95.57,91.6,83.78,63.75,72.03
flight,SR38,r180,39610,279.48,234.0,616.0,734.0,1302.0,93.73,88.94,80.33,59.52,67.8
flight,SR39,r180,39610,252.12,204.0,573.0,687.0,1240.0,92.54,86.76,77.13,55.97,64.25
flight,SR4,r180,39610,353.52,315.0,720.0,845.0,1441.0,97.43,94.47,87.87,77.61,85.89
flight,SR5,r180,39610,318.88,278.0,669.0,790.0,1366.0,96.25,92.51,84.92,72.96,81.24
flight,SR6,r180,39610,286.4,243.0,622.0,737.0,1300.0,94.58,90.11,81.73,68.66,76.95
flight,SR7,r180,39610,259.12,213.0,579.0,691.0,1221.0,93.3,88.15,78.79,65.05,73.33
flight,SR8,r180,39610,353.69,314.0,722.0,845.0,1439.0,97.52,94.52,87.89,73.47,81.75
flight,SR9,r180,39610,285.91,243.0,621.0,735.0,1299.0,94.54,89.96,81.53,64.46,72.74
flight,U1,r180,39610,278.68,227.0,590.0,703.55,1284.0,98.48,95.2,86.38,67.19,75.47
flight,ED0,r200,39610,291.55,235.33,658.67,792.67,1458.33,94.28,88.5,79.21,73.63,81.09
flight,ED1,r200,39610,297.1,238.5,658.33,791.33,1456.33,97.24,92.55,82.91,71.06,78.51
flight,ED2,r200,39610,304.45,246.0,663.03,794.33,1456.33,98.28,94.44,85.19,70.69,78.14
flight,ED3,r200,39610,327.06,277.67,713.0,848.33,1507.33,94.19,89.68,81.99,81.69,89.15
flight,ED4,r200,39610,371.35,325.83,775.0,913.33,1568.33,96.36,92.86,86.25,89.28,96.68
flight,ED5,r200,39610,401.31,358.0,816.0,957.33,1631.33,97.62,94.78,88.85,94.05,99.84
flight,EG0,r200,39610,374.48,330.5,741.67,865.18,1466.0,99.13,97.03,91.41,70.27,77.72
flight,EG1,r200,39610,351.43,302.0,709.33,833.33,1454.33,99.06,96.81,90.69,70.34,77.79
flight,EG2,r200,39610,342.48,291.0,699.67,823.85,1454.33,98.97,96.61,90.29,70.4,77.85
flight,EG3,r200,39610,402.55,363.67,792.33,917.67,1529.0,99.17,97.1,91.91,70.21,77.66
flight,EG4,r200,39610,421.63,382.67,829.67,960.0,1593.33,99.17,97.12,92.12,70.19,77.64
flight,EG5,r200,39610,431.85,392.33,849.0,986.52,1640.0,99.17,97.14,92.14,70.19,77.64
flight,N1,r200,39610,368.93,325.0,762.03,893.85,1522.0,97.23,94.13,87.63,72.69,80.15
flight,N10,r200,39610,402.6,360.67,811.67,948.33,1603.33,98.22,95.67,89.85,73.07,80.53
flight,N11,r200,39610,369.36,326.0,764.0,895.33,1534.67,97.36,94.23,87.66,69.0,76.45
flight,N12,r200,39610,337.77,292.0,715.67,841.67,1459.0,96.15,92.44,85.33,65.16,72.61
flight,N13,r200,39610,309.2,261.33,669.33,794.18,1405.33,95.21,91.02,83.03,61.79,69.24
flight,N2,r200,39610,368.79,324.83,763.33,894.85,1539.33,97.21,94.05,87.56,70.81,78.26
flight,N3,r200,39610,309.63,260.33,671.0,796.67,1403.67,95.19,91.08,83.09,65.52,72.98
flight,N4,r200,39610,402.52,360.33,812.33,950.33,1595.33,98.26,95.63,89.83,80.49,87.94
flight,N5,r200,39610,369.02,325.0,764.37,896.67,1535.33,97.18,94.02,87.55,76.39,83.84
flight,N6,r200,39610,338.15,292.33,716.33,842.67,1465.33,96.2,92.5,85.27,72.68,80.13
flight,N7,r200,39610,309.58,261.33,670.67,797.67,1374.33,95.37,90.96,83.17,69.26,76.71
flight,N8,r200,39610,402.42,360.33,812.0,948.67,1599.0,98.13,95.59,89.81,76.77,84.22
flight,N9,r200,39610,338.26,292.33,715.33,843.0,1465.0,96.2,92.56,85.35,68.96,76.41
flight,SL1,r200,39610,376.98,334.17,772.0,902.67,1544.0,97.7,94.77,88.56,73.63,81.08
flight,SL10,r200,39610,407.85,366.67,818.67,955.33,1600.33,98.43,96.03,90.38,73.68,81.13
flight,SL11,r200,39610,377.25,335.0,772.0,902.18,1544.67,97.71,94.8,88.59,69.98,77.43
flight,SL12,r200,39610,349.04,305.0,726.67,853.33,1450.67,97.07,93.66,86.83,66.56,74.01
flight,SL13,r200,39610,322.78,275.67,684.67,806.67,1392.0,96.14,92.45,85.16,63.4,70.85
flight,SL14,r200,39610,386.67,345.33,782.33,911.0,1543.67,98.19,95.6,89.71,74.78,82.23
flight,SL15,r200,39610,386.74,345.33,782.67,912.67,1534.67,98.27,95.62,89.65,72.9,80.36
flight,SL16,r200,39610,337.46,290.33,703.33,827.33,1382.33,97.38,93.92,87.03,68.76,76.21
flight,SL17,r200,39610,413.28,372.33,824.0,960.67,1606.33,98.68,96.41,90.94,81.76,89.22
flight,SL18,r200,39610,386.72,345.67,782.37,912.33,1534.0,98.18,95.57,89.63,78.48,85.93
flight,SL19,r200,39610,361.81,319.0,742.33,865.33,1470.33,97.74,94.85,88.43,75.49,82.94
flight,SL2,r200,39610,377.07,334.67,773.33,900.67,1536.0,97.67,94.8,88.58,71.79,79.25
flight,SL20,r200,39610,336.24,291.0,702.0,821.85,1398.33,97.16,93.77,86.95,72.35,79.8
flight,SL21,r200,39610,413.18,372.33,824.0,960.33,1617.0,98.62,96.43,90.95,78.03,85.48
flight,SL22,r200,39610,360.99,317.67,742.0,868.18,1475.67,97.73,94.77,88.37,71.64,79.1
flight,SL23,r200,39610,413.43,372.67,824.0,960.52,1613.0,98.68,96.44,90.97,74.32,81.78
flight,SL24,r200,39610,386.67,345.33,781.67,909.33,1534.33,98.2,95.63,89.68,71.07,78.52
flight,SL25,r200,39610,361.23,318.0,741.67,868.67,1469.67,97.74,94.71,88.3,67.88,75.33
flight,SL26,r200,39610,336.24,289.67,700.67,823.85,1421.0,97.12,93.76,86.86,64.9,72.36
flight,SL27,r200,39610,394.22,353.33,790.0,920.67,1541.33,98.58,96.21,90.59,75.66,83.12
flight,SL28,r200,39610,394.08,353.33,790.0,917.85,1536.0,98.52,96.19,90.56,73.8,81.26
flight,SL29,r200,39610,348.49,302.67,714.0,836.33,1420.33,97.89,95.1,88.73,70.08,77.53
flight,SL3,r200,39610,322.05,275.33,684.33,809.33,1408.33,96.23,92.32,84.94,67.01,74.47
flight,SL30,r200,39610,417.75,377.33,828.37,964.0,1615.0,98.87,96.8,91.45,82.35,89.8
flight,SL31,r200,39610,394.68,353.67,790.33,921.33,1544.67,98.61,96.25,90.6,79.44,86.89
flight,SL32,r200,39610,371.18,328.67,752.33,876.0,1474.0,98.29,95.66,89.65,76.54,83.99
flight,SL33,r200,39610,348.9,303.5,714.33,834.0,1421.0,97.94,95.08,88.69,73.82,81.27
flight,SL34,r200,39610,417.71,377.0,829.0,965.33,1609.33,98.87,96.8,91.44,78.61,86.06
flight,SL35,r200,39610,371.18,327.33,751.67,877.85,1481.33,98.25,95.67,89.65,72.84,80.29
flight,SL36,r200,39610,417.89,377.33,828.67,965.33,1616.0,98.91,96.82,91.46,74.92,82.37
flight,SL37,r200,39610,394.33,353.33,790.0,919.85,1558.0,98.58,96.27,90.56,71.99,79.44
flight,SL38,r200,39610,371.38,328.67,753.0,878.67,1473.33,98.25,95.68,89.61,69.14,76.59
flight,SL39,r200,39610,348.16,302.67,712.67,837.52,1417.33,97.95,95.08,88.65,66.36,73.81
flight,SL4,r200,39610,407.86,366.67,817.33,954.52,1607.67,98.48,96.04,90.42,81.11,88.56
flight,SL5,r200,39610,377.0,335.0,771.67,900.33,1550.0,97.73,94.79,88.59,77.37,84.82
flight,SL6,r200,39610,349.15,304.67,727.0,855.33,1461.0,97.1,93.64,86.81,73.96,81.41
flight,SL7,r200,39610,322.79,276.33,685.0,807.18,1386.67,96.34,92.32,84.99,70.78,78.23
flight,SL8,r200,39610,408.04,366.33,818.03,955.0,1596.33,98.4,96.02,90.41,77.45,84.9
flight,SL9,r200,39610,348.36,304.33,726.33,852.33,1468.0,96.9,93.54,86.69,70.15,77.6
flight,SR1,r200,39610,361.45,316.33,756.33,887.85,1531.33,96.74,93.33,86.56,71.76,79.21
flight,SR10,r200,39610,398.16,355.33,808.33,946.33,1614.67,97.96,95.28,89.3,72.5,79.95
flight,SR11,r200,39610,361.18,316.33,754.0,888.67,1530.67,96.65,93.28,86.52,68.04,75.49
flight,SR12,r200,39610,329.12,282.0,708.33,833.33,1447.33,95.6,91.55,83.96,64.26,71.71
flight,SR13,r200,39610,298.99,249.17,660.67,786.33,1405.33,94.3,89.51,81.18,60.63,68.08
flight,SR14,r200,39610,355.87,309.0,750.0,885.33,1529.0,96.33,92.83,85.85,71.1,78.55
flight,SR15,r200,39610,357.5,311.33,751.37,887.33,1540.33,96.35,92.99,86.04,69.51,76.97
flight,SR16,r200,39610,294.34,242.67,658.33,784.67,1387.67,93.76,88.94,80.25,63.9,71.35
flight,SR17,r200,39610,395.21,351.33,805.0,944.33,1608.33,97.83,95.05,89.01,79.59,87.05
flight,SR18,r200,39610,357.02,310.67,751.0,887.0,1544.0,96.55,92.99,85.98,74.97,82.42
flight,SR19,r200,39610,323.83,275.33,703.0,834.33,1457.33,95.02,90.81,83.22,71.0,78.46
flight,SR2,r200,39610,360.99,316.0,755.33,888.18,1543.33,96.69,93.27,86.49,69.9,77.35
flight,SR20,r200,39610,293.84,243.0,656.0,783.33,1400.67,93.77,88.8,80.19,67.5,74.95
flight,SR21,r200,39610,394.7,351.0,804.33,943.18,1610.33,97.83,94.99,88.95,75.82,83.28
flight,SR22,r200,39610,322.81,273.67,702.0,832.33,1457.33,94.99,90.64,82.94,67.27,74.72
flight,SR23,r200,39610,394.49,350.67,804.0,943.18,1606.67,97.72,94.98,88.91,72.04,79.5
flight,SR24,r200,39610,356.42,310.0,750.37,884.52,1525.67,96.46,92.88,85.86,67.51,74.96
flight,SR25,r200,39610,325.0,276.0,702.0,836.18,1459.0,95.18,91.04,83.24,63.74,71.19
flight,SR26,r200,39610,293.94,242.67,656.67,783.0,1405.0,93.78,88.66,80.24,60.1,67.55
flight,SR27,r200,39610,354.19,307.0,747.67,883.33,1523.67,96.23,92.64,85.71,70.95,78.4
flight,SR28,r200,39610,354.13,307.0,746.67,882.52,1551.67,96.35,92.6,85.58,69.07,76.52
flight,SR29,r200,39610,292.83,240.0,654.67,786.0,1413.67,93.67,88.69,80.1,63.72,71.17
flight,SR3,r200,39610,301.25,250.67,663.67,787.0,1399.33,94.52,89.81,81.56,64.59,72.04
flight,SR30,r200,39610,393.39,349.33,802.67,942.67,1613.0,97.68,94.81,88.74,79.38,86.83
flight,SR31,r200,39610,355.04,308.17,748.37,885.0,1542.33,96.42,92.76,85.8,74.85,82.3
flight,SR32,r200,39610,320.14,269.17,699.0,832.0,1483.67,94.85,90.44,82.56,70.63,78.08
flight,SR33,r200,39610,291.45,238.33,653.33,782.67,1420.33,93.37,88.5,79.63,67.34,74.79
flight,SR34,r200,39610,394.15,349.67,804.33,944.52,1619.0,97.8,94.91,88.82,75.73,83.18
flight,SR35,r200,39610,321.33,271.5,698.67,832.33,1469.33,95.16,90.67,82.74,67.02,74.47
flight,SR36,r200,39610,394.07,349.67,804.0,943.52,1614.33,97.8,94.96,88.86,72.02,79.47
flight,SR37,r200,39610,354.18,307.33,746.67,884.33,1539.67,96.24,92.65,85.65,67.24,74.69
flight,SR38,r200,39610,320.77,270.67,699.67,832.33,1469.67,94.71,90.37,82.57,63.26,70.71
flight,SR39,r200,39610,292.54,240.0,655.67,784.67,1408.0,93.69,88.61,79.83,59.96,67.41
flight,SR4,r200,39610,397.13,354.33,806.67,945.33,1609.67,97.8,95.13,89.19,79.87,87.32
flight,SR5,r200,39610,361.77,316.67,755.0,889.67,1533.0,96.88,93.44,86.63,75.58,83.03
flight,SR6,r200,39610,328.32,281.0,706.03,836.52,1466.67,95.47,91.34,83.92,71.59,79.04
flight,SR7,r200,39610,300.2,250.67,663.0,789.0,1387.67,94.41,89.77,81.39,68.23,75.68
flight,SR8,r200,39610,397.31,354.0,807.67,946.0,1608.0,97.89,95.18,89.23,76.13,83.59
flight,SR9,r200,39610,327.69,280.67,705.33,833.67,1465.0,95.49,91.24,83.67,67.76,75.21
flight,U1,r200,39610,322.84,266.67,676.67,804.52,1453.33,98.81,95.98,88.53,70.5,77.95
airline,ED0,r180,39610,6015.19,984.0,19743.3,25498.65,30909.0,97.33,95.03,90.89,88.22,91.55
airline,ED1,r180,39610,6026.51,994.0,19769.3,25521.1,30910.0,98.77,96.61,92.3,86.99,90.34
airline,ED2,r180,39610,6035.22,1001.0,19777.3,25525.1,30913.0,99.1,97.35,93.12,86.87,90.23
airline,ED3,r180,39610,6046.68,1026.0,19758.3,25531.65,30957.0,97.34,95.3,91.95,91.75,95.11
airline,ED4,r180,39610,6092.29,1080.0,19807.3,25580.1,31027.0,98.28,96.79,93.86,95.15,98.43
airline,ED5,r180,39610,6127.6,1116.0,19861.3,25628.65,31089.0,98.88,97.62,95.01,97.32,99.93
airline,EG0,r180,39610,6105.39,1082.0,19854.3,25608.65,30936.0,99.58,98.65,96.18,86.76,90.09
airline,EG1,r180,39610,6082.24,1054.5,19828.3,25566.65,30912.0,99.55,98.58,95.82,86.76,90.1
airline,EG2,r180,39610,6073.4,1044.0,19820.3,25559.65,30919.0,99.51,98.49,95.68,86.78,90.11
airline,EG3,r180,39610,6133.52,1111.0,19880.3,25643.65,30986.0,99.61,98.68,96.4,86.73,90.06
airline,EG4,r180,39610,6152.64,1134.0,19897.3,25664.65,31063.0,99.66,98.74,96.52,86.72,90.06
airline,EG5,r180,39610,6162.85,1147.0,19903.3,25669.65,31103.0,99.67,98.83,96.55,86.72,90.06
airline,N1,r180,39610,6095.78,1075.0,19831.3,25602.65,30993.0,98.71,97.35,94.53,87.8,91.13
airline,N10,r180,39610,6132.14,1113.0,19870.3,25642.65,31071.0,99.16,98.03,95.51,87.98,91.32
airline,N11,r180,39610,6097.4,1077.0,19833.3,25599.65,31002.0,98.72,97.39,94.5,86.15,89.46
airline,N12,r180,39610,6056.15,1030.0,19773.3,25533.65,30917.0,98.27,96.62,93.46,84.39,87.72
airline,N13,r180,39610,6028.95,1000.0,19751.3,25502.65,30842.0,97.83,95.94,92.52,82.87,86.23
airline,N2,r180,39610,6095.68,1074.0,19836.3,25603.65,30995.0,98.69,97.3,94.46,86.95,90.28
airline,N3,r180,39610,6029.01,1001.0,19749.3,25502.65,30854.0,97.78,96.02,92.5,84.51,87.86
airline,N4,r180,39610,6130.64,1113.5,19864.3,25637.65,31065.0,99.17,98.04,95.47,91.27,94.6
airline,N5,r180,39610,6096.52,1072.0,19834.3,25603.65,30993.0,98.72,97.29,94.41,89.43,92.77
airline,N6,r180,39610,6063.85,1034.0,19795.3,25555.65,30936.0,98.15,96.54,93.39,87.78,91.12
airline,N7,r180,39610,6031.28,1010.0,19753.3,25500.65,30867.0,97.81,95.94,92.52,86.22,89.57
airline,N8,r180,39610,6131.54,1114.0,19870.3,25641.65,31068.0,99.12,98.02,95.47,89.62,92.95
airline,N9,r180,39610,6061.33,1040.0,19790.2,25551.65,30919.0,98.23,96.5,93.34,86.04,89.39
airline,SL1,r180,39610,6107.64,1085.5,19848.3,25614.65,31010.0,98.96,97.66,94.93,88.2,91.54
airline,SL10,r180,39610,6138.29,1118.0,19876.3,25644.65,31069.0,99.29,98.24,95.74,88.24,91.57
airline,SL11,r180,39610,6104.18,1083.0,19837.3,25606.1,31004.0,98.86,97.62,94.9,86.54,89.88
airline,SL12,r180,39610,6075.14,1048.0,19812.3,25575.65,30938.0,98.63,97.13,94.13,85.03,88.36
airline,SL13,r180,39610,6048.31,1016.0,19794.3,25539.65,30885.0,98.19,96.6,93.37,83.51,86.84
airline,SL14,r180,39610,6115.57,1093.0,19862.3,25631.1,31020.0,99.14,98.02,95.4,88.7,92.04
airline,SL15,r180,39610,6117.5,1092.0,19860.3,25628.1,31010.0,99.2,98.06,95.38,87.91,91.24
airline,SL16,r180,39610,6066.11,1040.0,19810.3,25543.65,30894.0,98.77,97.28,94.25,86.04,89.37
airline,SL17,r180,39610,6142.3,1126.0,19879.3,25649.65,31077.0,99.39,98.39,95.98,91.85,95.19
airline,SL18,r180,39610,6116.5,1094.0,19857.3,25628.1,31001.0,99.15,98.01,95.39,90.4,93.72
airline,SL19,r180,39610,6091.46,1065.0,19834.3,25595.65,30947.0,99.0,97.71,94.9,89.07,92.4
airline,SL2,r180,39610,6103.46,1083.5,19837.3,25606.65,30995.0,98.94,97.68,94.94,87.39,90.73
airline,SL20,r180,39610,6062.67,1032.0,19802.3,25547.65,30875.0,98.66,97.17,94.14,87.66,91.0
airline,SL21,r180,39610,6144.08,1126.0,19886.3,25656.65,31075.0,99.39,98.41,96.0,90.2,93.53
airline,SL22,r180,39610,6090.02,1066.0,19834.3,25591.65,30943.0,98.94,97.67,94.84,87.32,90.65
airline,SL23,r180,39610,6143.85,1125.0,19886.3,25657.65,31079.0,99.38,98.4,95.98,88.52,91.86
airline,SL24,r180,39610,6116.96,1093.0,19858.3,25624.1,31017.0,99.17,98.0,95.4,87.08,90.41
airline,SL25,r180,39610,6089.13,1063.0,19832.3,25581.65,30948.0,98.91,97.6,94.78,85.64,88.96
airline,SL26,r180,39610,6062.92,1037.0,19805.3,25553.1,30890.0,98.67,97.24,94.13,84.31,87.64
airline,SL27,r180,39610,6125.08,1102.5,19869.3,25637.1,31033.0,99.38,98.31,95.81,89.15,92.48
airline,SL28,r180,39610,6122.88,1100.5,19863.3,25630.65,31014.0,99.3,98.28,95.78,88.29,91.62
airline,SL29,r180,39610,6078.8,1047.5,19823.3,25568.65,30894.0,99.03,97.81,94.96,86.67,90.01
airline,SL3,r180,39610,6046.48,1018.0,19783.3,25533.65,30883.0,98.19,96.53,93.25,85.24,88.58
airline,SL30,r180,39610,6148.31,1129.0,19888.3,25659.65,31085.0,99.46,98.54,96.18,92.09,95.43
airline,SL31,r180,39610,6125.3,1104.0,19867.3,25636.65,31018.0,99.37,98.32,95.82,90.84,94.17
airline,SL32,r180,39610,6099.27,1077.0,19844.3,25606.65,30963.0,99.16,98.02,95.36,89.49,92.83
airline,SL33,r180,39610,6076.88,1052.5,19819.3,25558.65,30890.0,99.03,97.78,94.91,88.28,91.61
airline,SL34,r180,39610,6147.86,1131.0,19887.3,25658.1,31074.0,99.48,98.56,96.2,90.43,93.76
airline,SL35,r180,39610,6100.45,1081.0,19848.3,25605.1,30953.0,99.21,98.07,95.4,87.85,91.19
airline,SL36,r180,39610,6147.82,1131.0,19887.3,25657.65,31081.0,99.47,98.55,96.21,88.77,92.11
airline,SL37,r180,39610,6124.86,1101.5,19868.3,25637.65,31005.0,99.38,98.34,95.84,87.5,90.83
airline,SL38,r180,39610,6101.24,1075.0,19844.2,25604.1,30969.0,99.19,98.07,95.39,86.2,89.54
airline,SL39,r180,39610,6076.12,1052.0,19818.3,25567.65,30894.0,99.01,97.79,94.96,84.99,88.33
airline,SL4,r180,39610,6136.7,1120.0,19875.3,25644.65,31066.0,99.28,98.21,95.74,91.56,94.89
airline,SL5,r180,39610,6105.38,1082.0,19846.3,25611.65,31008.0,98.87,97.6,94.89,89.88,93.22
airline,SL6,r180,39610,6076.44,1050.5,19814.3,25576.65,30939.0,98.57,97.11,94.07,88.31,91.65
airline,SL7,r180,39610,6048.54,1026.0,19782.3,25527.65,30874.0,98.27,96.56,93.34,86.94,90.28
airline,SL8,r180,39610,6137.68,1119.0,19877.2,25647.1,31068.0,99.26,98.19,95.74,89.89,93.22
airline,SL9,r180,39610,6075.45,1049.0,19813.3,25571.65,30934.0,98.48,97.01,94.03,86.66,90.0
airline,SR1,r180,39610,6090.3,1070.0,19820.3,25590.65,30992.0,98.54,97.03,94.02,87.42,90.77
airline,SR10,r180,39610,6126.81,1112.0,19862.3,25632.65,31069.0,99.03,97.86,95.24,87.73,91.05
airline,SR11,r180,39610,6088.47,1067.5,19814.3,25584.65,30986.0,98.52,97.06,94.05,85.79,89.1
airline,SR12,r180,39610,6045.31,1021.0,19762.2,25522.1,30910.0,97.96,96.15,92.75,83.9,87.23
airline,SR13,r180,39610,6014.16,986.5,19723.3,25476.65,30843.0,97.32,95.29,91.6,82.4,85.76
airline,SR14,r180,39610,6082.86,1060.0,19812.2,25582.1,30993.0,98.36,96.79,93.69,87.08,90.41
airline,SR15,r180,39610,6081.25,1059.5,19805.3,25576.65,30988.0,98.39,96.87,93.74,86.34,89.67
airline,SR16,r180,39610,6010.34,983.0,19716.3,25468.65,30845.0,97.14,95.04,91.19,83.78,87.12
airline,SR17,r180,39610,6122.33,1105.0,19853.3,25625.65,31059.0,98.95,97.77,95.09,90.89,94.22
airline,SR18,r180,39610,6082.33,1060.5,19815.3,25588.65,30996.0,98.39,96.82,93.76,88.79,92.11
airline,SR19,r180,39610,6049.34,1019.0,19778.3,25540.65,30926.0,97.67,95.86,92.47,87.03,90.36
airline,SR2,r180,39610,6085.23,1064.0,19813.3,25581.65,30988.0,98.46,97.01,94.01,86.54,89.89
airline,SR20,r180,39610,6015.55,984.0,19740.3,25494.65,30870.0,97.08,94.77,91.1,85.39,88.74
airline,SR21,r180,39610,6124.01,1108.0,19859.3,25634.65,31068.0,98.98,97.78,95.11,89.2,92.54
airline,SR22,r180,39610,6041.33,1014.0,19766.3,25530.65,30918.0,97.6,95.73,92.39,85.33,88.66
airline,SR23,r180,39610,6121.46,1107.0,19850.3,25623.65,31058.0,98.95,97.74,95.05,87.51,90.84
airline,SR24,r180,39610,6077.62,1059.5,19797.3,25569.65,30983.0,98.37,96.82,93.71,85.46,88.8
airline,SR25,r180,39610,6043.45,1020.5,19759.3,25523.65,30912.0,97.77,95.97,92.58,83.76,87.09
airline,SR26,r180,39610,6006.53,981.5,19704.3,25457.65,30845.0,97.11,95.04,91.29,82.16,85.5
airline,SR27,r180,39610,6077.59,1059.0,19802.3,25572.1,30991.0,98.3,96.67,93.67,87.04,90.38
airline,SR28,r180,39610,6079.65,1057.0,19806.3,25579.65,30996.0,98.31,96.7,93.62,86.19,89.53
airline,SR29,r180,39610,6008.56,982.0,19717.3,25474.65,30861.0,97.12,94.97,91.23,83.74,87.08
airline,SR3,r180,39610,6018.54,989.0,19728.3,25480.65,30844.0,97.42,95.47,91.74,84.14,87.48
airline,SR30,r180,39610,6121.5,1105.0,19855.3,25627.65,31069.0,98.89,97.65,95.01,90.75,94.08
airline,SR31,r180,39610,6079.57,1060.0,19804.3,25572.65,30993.0,98.37,96.82,93.72,88.8,92.13
airline,SR32,r180,39610,6036.97,1011.0,19752.3,25510.65,30916.0,97.6,95.68,92.28,86.86,90.22
airline,SR33,r180,39610,6004.91,976.0,19705.3,25455.65,30845.0,96.92,94.93,90.91,85.32,88.67
airline,SR34,r180,39610,6121.65,1107.0,19853.3,25625.1,31066.0,99.0,97.71,95.0,89.12,92.45
airline,SR35,r180,39610,6039.73,1017.0,19758.3,25517.65,30919.0,97.71,95.69,92.31,85.19,88.54
airline,SR36,r180,39610,6125.86,1108.0,19865.3,25640.1,31080.0,98.96,97.72,95.03,87.47,90.81
airline,SR37,r180,39610,6077.85,1056.5,19808.3,25579.65,30996.0,98.27,96.63,93.55,85.3,88.63
airline,SR38,r180,39610,6042.49,1018.0,19765.3,25522.65,30927.0,97.64,95.78,92.36,83.61,86.93
airline,SR39,r180,39610,6005.28,978.0,19707.3,25460.1,30848.0,97.03,94.85,91.09,81.94,85.3
airline,SR4,r180,39610,6125.93,1109.0,19857.3,25631.65,31064.0,98.99,97.81,95.16,90.99,94.32
airline,SR5,r180,39610,6088.87,1066.0,19825.3,25595.65,30996.0,98.54,97.05,94.04,89.04,92.37
airline,SR6,r180,39610,6049.3,1029.0,19775.3,25531.1,30918.0,97.81,96.04,92.69,87.26,90.59
airline,SR7,r180,39610,6022.07,990.0,19738.3,25492.1,30863.0,97.43,95.43,91.63,85.71,89.04
airline,SR8,r180,39610,6125.39,1108.0,19858.3,25631.65,31060.0,99.03,97.86,95.25,89.37,92.7
airline,SR9,r180,39610,6048.95,1022.0,19773.3,25531.65,30922.0,97.83,96.1,92.69,85.54,88.88
airline,U1,r180,39610,6053.54,1025.0,19796.3,25538.65,30914.0,99.41,98.16,94.74,86.79,90.16
airline,ED0,r200,39610,6735.68,1151.33,22036.33,28451.83,34522.33,97.91,95.79,92.08,89.3,92.3
airline,ED1,r200,39610,6748.45,1163.5,22062.67,28474.62,34523.67,99.09,97.29,93.58,88.32,91.35
airline,ED2,r200,39610,6757.35,1172.5,22070.67,28478.62,34526.67,99.32,97.89,94.36,88.26,91.26
airline,ED3,r200,39610,6766.48,1190.17,22049.67,28483.17,34568.67,97.79,95.95,92.91,92.51,95.49
airline,ED4,r200,39610,6812.73,1244.83,22099.0,28531.95,34639.0,98.57,97.19,94.52,95.6,98.52
airline,ED5,r200,39610,6848.78,1283.5,22153.67,28581.17,34701.67,99.09,97.92,95.56,97.57,99.93
airline,EG0,r200,39610,6827.58,1248.33,22147.67,28562.17,34546.67,99.66,98.83,96.64,88.13,91.13
airline,EG1,r200,39610,6804.44,1221.67,22121.67,28520.17,34523.67,99.64,98.77,96.37,88.14,91.14
airline,EG2,r200,39610,6795.59,1212.33,22113.67,28513.17,34532.67,99.6,98.71,96.26,88.15,91.16
airline,EG3,r200,39610,6855.72,1283.83,22173.67,28597.17,34598.67,99.67,98.85,96.8,88.1,91.1
airline,EG4,r200,39610,6874.83,1305.67,22190.67,28618.17,34675.33,99.67,98.86,96.88,88.1,91.1
airline,EG5,r200,39610,6885.05,1318.0,22196.67,28623.17,34716.33,99.67,98.89,96.89,88.1,91.1
airline,N1,r200,39610,6817.19,1242.83,22123.67,28555.17,34604.67,98.95,97.7,95.15,89.06,92.06
airline,N10,r200,39610,6854.1,1284.0,22163.67,28596.17,34684.33,99.3,98.27,95.99,89.22,92.23
airline,N11,r200,39610,6818.88,1243.17,22126.33,28552.83,34614.0,98.94,97.72,95.14,87.54,90.55
airline,N12,r200,39610,6777.1,1199.33,22066.0,28486.5,34528.67,98.54,97.05,94.24,85.93,88.93
airline,N13,r200,39610,6748.92,1163.67,22043.33,28454.83,34450.67,98.17,96.57,93.46,84.55,87.55
airline,N2,r200,39610,6817.21,1240.5,22129.33,28556.83,34607.33,98.89,97.64,95.09,88.27,91.27
airline,N3,r200,39610,6748.7,1165.5,22039.0,28452.5,34462.0,98.15,96.56,93.41,86.03,89.04
airline,N4,r200,39610,6852.51,1282.33,22157.33,28590.83,34677.67,99.3,98.27,95.98,92.2,95.19
airline,N5,r200,39610,6817.71,1241.17,22126.0,28555.5,34602.33,98.92,97.62,95.07,90.52,93.52
airline,N6,r200,39610,6784.64,1203.83,22087.0,28507.5,34546.67,98.48,97.0,94.15,88.99,91.98
airline,N7,r200,39610,6751.08,1176.67,22045.0,28452.5,34477.33,98.16,96.48,93.41,87.56,90.55
airline,N8,r200,39610,6853.27,1283.83,22163.0,28594.5,34680.67,99.24,98.25,95.95,90.7,93.7
airline,N9,r200,39610,6782.19,1209.33,22081.9,28503.5,34528.33,98.61,96.98,94.18,87.45,90.45
airline,SL1,r200,39610,6829.35,1253.5,22141.33,28567.83,34622.67,99.14,97.97,95.51,89.43,92.43
airline,SL10,r200,39610,6860.31,1288.83,22169.33,28597.83,34681.67,99.41,98.46,96.22,89.48,92.48
airline,SL11,r200,39610,6825.89,1253.33,22130.33,28559.28,34616.0,99.06,97.93,95.49,87.94,90.94
airline,SL12,r200,39610,6796.55,1218.17,22105.33,28528.83,34548.67,98.88,97.5,94.82,86.57,89.57
airline,SL13,r200,39610,6768.95,1180.67,22087.0,28492.5,34495.33,98.51,97.06,94.2,85.17,88.16
airline,SL14,r200,39610,6837.5,1263.67,22155.67,28584.62,34633.33,99.27,98.27,95.92,89.9,92.9
airline,SL15,r200,39610,6839.54,1262.67,22153.67,28581.62,34623.0,99.32,98.29,95.93,89.17,92.17
airline,SL16,r200,39610,6787.82,1205.5,22103.33,28496.83,34504.33,99.03,97.69,94.95,87.47,90.48
airline,SL17,r200,39610,6864.46,1296.5,22172.67,28603.17,34690.33,99.46,98.58,96.42,92.72,95.7
airline,SL18,r200,39610,6838.35,1265.0,22150.33,28581.28,34612.67,99.27,98.25,95.92,91.41,94.41
airline,SL19,r200,39610,6813.22,1236.0,22127.33,28548.83,34558.33,99.13,98.01,95.5,90.2,93.21
airline,SL2,r200,39610,6824.99,1252.33,22130.0,28559.5,34607.67,99.1,97.97,95.52,88.71,91.71
airline,SL20,r200,39610,6784.1,1196.83,22095.0,28500.5,34486.33,98.89,97.54,94.86,88.91,91.93
airline,SL21,r200,39610,6866.22,1296.83,22179.67,28610.17,34688.67,99.49,98.6,96.45,91.24,94.24
airline,SL22,r200,39610,6811.64,1233.83,22127.0,28544.5,34553.0,99.14,97.96,95.45,88.63,91.63
airline,SL23,r200,39610,6865.98,1296.0,22179.67,28611.17,34692.0,99.5,98.59,96.43,89.73,92.73
airline,SL24,r200,39610,6838.78,1264.67,22151.0,28576.95,34629.67,99.31,98.28,95.91,88.42,91.42
airline,SL25,r200,39610,6810.63,1232.67,22125.0,28534.5,34559.67,99.11,97.92,95.4,87.1,90.1
airline,SL26,r200,39610,6784.6,1199.17,22098.67,28506.62,34501.0,98.93,97.63,94.86,85.92,88.91
airline,SL27,r200,39610,6847.14,1273.17,22162.67,28590.62,34645.33,99.46,98.53,96.31,90.29,93.28
airline,SL28,r200,39610,6845.01,1272.0,22156.67,28584.17,34626.33,99.4,98.48,96.26,89.52,92.52
airline,SL29,r200,39610,6800.59,1212.83,22116.33,28521.83,34503.67,99.2,98.09,95.58,88.05,91.05
airline,SL3,r200,39610,6766.98,1181.33,22074.67,28485.17,34492.67,98.53,96.96,94.07,86.69,89.7
airline,SL30,r200,39610,6870.51,1299.67,22181.67,28613.17,34698.67,99.55,98.73,96.61,92.96,95.93
airline,SL31,r200,39610,6847.37,1273.33,22160.33,28589.83,34629.67,99.47,98.52,96.31,91.81,94.81
airline,SL32,r200,39610,6821.2,1243.67,22137.67,28560.17,34574.67,99.32,98.26,95.88,90.61,93.61
airline,SL33,r200,39610,6798.94,1218.33,22112.67,28512.17,34498.0,99.19,98.08,95.55,89.53,92.52
airline,SL34,r200,39610,6870.04,1302.5,22180.67,28611.62,34687.67,99.55,98.74,96.62,91.47,94.46
airline,SL35,r200,39610,6822.51,1246.33,22141.67,28558.62,34565.67,99.31,98.32,95.92,89.13,92.13
airline,SL36,r200,39610,6870.01,1302.17,22180.67,28611.17,34694.67,99.55,98.73,96.62,89.97,92.97
airline,SL37,r200,39610,6847.02,1273.33,22161.67,28591.17,34618.0,99.47,98.56,96.31,88.83,91.83
airline,SL38,r200,39610,6823.3,1244.83,22137.57,28557.62,34581.33,99.31,98.32,95.93,87.63,90.64
airline,SL39,r200,39610,6798.11,1215.0,22111.67,28521.17,34503.67,99.2,98.08,95.56,86.55,89.55
airline,SL4,r200,39610,6858.88,1289.17,22168.67,28598.17,34677.67,99.41,98.44,96.21,92.46,95.44
airline,SL5,r200,39610,6827.04,1251.67,22139.67,28565.17,34619.67,99.04,97.92,95.47,90.92,93.93
airline,SL6,r200,39610,6797.58,1219.17,22106.67,28529.17,34551.33,98.84,97.5,94.79,89.51,92.51
airline,SL7,r200,39610,6769.43,1190.0,22074.67,28480.17,34484.0,98.61,97.0,94.17,88.26,91.26
airline,SL8,r200,39610,6859.68,1289.5,22170.23,28600.28,34680.67,99.37,98.4,96.19,90.97,93.97
airline,SL9,r200,39610,6796.7,1218.5,22105.67,28524.17,34545.33,98.77,97.43,94.73,88.0,91.01
airline,SR1,r200,39610,6811.23,1236.17,22112.33,28542.83,34604.33,98.75,97.4,94.71,88.69,91.7
airline,SR10,r200,39610,6848.54,1281.67,22155.0,28585.5,34682.0,99.18,98.14,95.79,88.99,91.99
airline,SR11,r200,39610,6809.67,1235.0,22107.0,28537.5,34599.0,98.75,97.43,94.73,87.22,90.21
airline,SR12,r200,39610,6765.12,1186.5,22053.23,28473.28,34520.67,98.3,96.7,93.65,85.47,88.48
airline,SR13,r200,39610,6733.27,1152.33,22014.67,28428.17,34453.33,97.78,95.89,92.61,84.08,87.07
airline,SR14,r200,39610,6803.46,1226.17,22104.9,28534.95,34605.67,98.59,97.18,94.42,88.36,91.36
airline,SR15,r200,39610,6802.18,1226.0,22098.33,28529.83,34601.33,98.64,97.28,94.49,87.68,90.69
airline,SR16,r200,39610,6728.94,1149.67,22007.0,28419.5,34455.0,97.61,95.71,92.3,85.28,88.28
airline,SR17,r200,39610,6843.89,1273.67,22146.0,28578.5,34672.0,99.12,98.02,95.63,91.83,94.81
airline,SR18,r200,39610,6803.08,1227.67,22107.0,28540.5,34607.67,98.66,97.23,94.49,89.89,92.9
airline,SR19,r200,39610,6769.55,1184.0,22070.33,28492.83,34537.67,98.08,96.41,93.34,88.24,91.24
airline,SR2,r200,39610,6806.08,1230.0,22105.0,28533.5,34599.67,98.72,97.4,94.71,87.89,90.91
airline,SR20,r200,39610,6734.26,1147.5,22030.0,28444.5,34478.0,97.61,95.48,92.16,86.73,89.73
airline,SR21,r200,39610,6845.86,1277.0,22152.67,28588.17,34681.67,99.16,98.04,95.67,90.32,93.32
airline,SR22,r200,39610,6760.68,1178.17,22057.67,28482.17,34529.33,98.02,96.25,93.28,86.75,89.75
airline,SR23,r200,39610,6843.16,1275.5,22143.0,28576.5,34670.67,99.11,98.03,95.61,88.79,91.79
airline,SR24,r200,39610,6798.66,1225.83,22089.33,28521.83,34595.0,98.66,97.3,94.47,86.93,89.92
airline,SR25,r200,39610,6764.02,1186.0,22051.0,28475.5,34522.67,98.18,96.54,93.48,85.36,88.35
airline,SR26,r200,39610,6724.29,1147.33,21992.67,28406.17,34453.33,97.58,95.7,92.35,83.82,86.82
airline,SR27,r200,39610,6798.23,1225.0,22093.33,28523.28,34602.33,98.55,97.09,94.38,88.33,91.32
airline,SR28,r200,39610,6800.5,1224.0,22099.33,28532.83,34609.0,98.58,97.1,94.35,87.56,90.57
airline,SR29,r200,39610,6727.21,1147.5,22008.67,28426.17,34471.33,97.62,95.69,92.32,85.24,88.26
airline,SR3,r200,39610,6737.42,1158.17,22017.33,28429.83,34451.67,97.8,95.98,92.77,85.64,88.63
airline,SR30,r200,39610,6843.0,1272.33,22148.67,28581.17,34682.67,99.04,97.92,95.53,91.72,94.72
airline,SR31,r200,39610,6800.52,1226.33,22096.67,28525.17,34605.33,98.63,97.22,94.45,89.93,92.93
airline,SR32,r200,39610,6756.98,1176.83,22044.67,28463.17,34528.33,98.04,96.27,93.19,88.12,91.12
airline,SR33,r200,39610,6723.46,1139.83,21995.33,28405.83,34454.67,97.36,95.59,92.07,86.64,89.68
airline,SR34,r200,39610,6843.32,1276.17,22146.33,28578.28,34679.33,99.15,97.98,95.57,90.25,93.25
airline,SR35,r200,39610,6759.39,1182.67,22048.33,28467.83,34529.33,98.12,96.33,93.22,86.62,89.63
airline,SR36,r200,39610,6847.68,1276.83,22158.67,28593.62,34693.67,99.15,98.0,95.6,88.77,91.78
airline,SR37,r200,39610,6798.52,1223.17,22100.0,28531.5,34607.67,98.55,97.07,94.3,86.76,89.76
airline,SR38,r200,39610,6762.72,1182.5,22057.67,28475.17,34539.67,97.99,96.33,93.23,85.17,88.18
airline,SR39,r200,39610,6724.06,1143.0,21998.0,28410.95,34459.0,97.51,95.57,92.13,83.67,86.68
airline,SR4,r200,39610,6847.69,1279.5,22150.33,28584.83,34677.33,99.14,98.1,95.71,91.94,94.93
airline,SR5,r200,39610,6809.93,1232.17,22118.0,28548.5,34607.0,98.77,97.41,94.72,90.15,93.15
airline,SR6,r200,39610,6768.85,1195.33,22065.67,28481.62,34527.0,98.18,96.52,93.6,88.47,91.47
airline,SR7,r200,39610,6741.39,1157.33,22028.67,28442.62,34472.0,97.92,96.12,92.73,87.05,90.07
airline,SR8,r200,39610,6847.25,1278.0,22151.67,28585.17,34673.33,99.18,98.11,95.78,90.47,93.48
airline,SR9,r200,39610,6769.11,1189.83,22066.0,28484.5,34533.33,98.26,96.58,93.57,86.95,89.93
airline,U1,r200,39610,6775.72,1193.83,22089.67,28492.17,34527.67,99.53,98.45,95.56,88.18,91.19
gha,ED0,r180,39610,25292.57,24684.5,47748.3,53151.65,58957.0,99.88,99.77,99.54,99.12,99.34
gha,ED1,r180,39610,25311.85,24711.0,47765.1,53174.65,58959.0,99.95,99.88,99.66,99.14,99.34
gha,ED2,r180,39610,25321.3,24720.0,47769.3,53182.65,58960.0,99.96,99.89,99.7,99.13,99.34
gha,ED3,r180,39610,25317.14,24700.0,47776.2,53175.65,59005.0,99.85,99.73,99.53,99.34,99.55
gha,ED4,r180,39610,25370.82,24754.5,47832.0,53232.65,59075.0,99.9,99.81,99.63,99.64,99.84
gha,ED5,r180,39610,25414.49,24798.5,47876.2,53288.65,59137.0,99.94,99.86,99.7,99.82,100.0
gha,EG0,r180,39610,25391.68,24790.0,47835.2,53262.65,58959.0,99.97,99.92,99.78,99.19,99.39
gha,EG1,r180,39610,25368.84,24770.5,47810.2,53241.65,58960.0,99.97,99.92,99.77,99.18,99.4
gha,EG2,r180,39610,25359.83,24763.0,47801.3,53230.65,58960.0,99.97,99.91,99.76,99.17,99.4
gha,EG3,r180,39610,25419.9,24812.5,47876.1,53290.65,58997.0,99.98,99.92,99.78,99.19,99.39
gha,EG4,r180,39610,25439.02,24828.5,47902.2,53310.65,59086.0,99.98,99.93,99.79,99.19,99.39
gha,EG5,r180,39610,25449.23,24835.0,47914.2,53329.65,59135.0,99.98,99.93,99.79,99.19,99.39
gha,N1,r180,39610,25378.49,24765.5,47837.1,53245.65,59031.0,99.92,99.85,99.67,99.22,99.43
gha,N10,r180,39610,25417.01,24802.0,47879.1,53294.65,59113.0,99.95,99.88,99.73,99.26,99.46
gha,N11,r180,39610,25377.06,24763.5,47836.0,53246.65,59026.0,99.92,99.84,99.66,99.11,99.31
gha,N12,r180,39610,25333.74,24725.0,47788.2,53185.65,58946.0,99.88,99.77,99.59,98.96,99.18
gha,N13,r180,39610,25305.83,24699.5,47755.0,53159.65,58872.0,99.9,99.8,99.6,98.87,99.05
gha,N2,r180,39610,25379.29,24767.5,47834.2,53248.65,59034.0,99.93,99.85,99.67,99.16,99.38
gha,N3,r180,39610,25301.58,24698.0,47754.0,53159.65,58877.0,99.84,99.75,99.57,98.95,99.14
gha,N4,r180,39610,25414.77,24801.0,47876.1,53285.65,59111.0,99.96,99.89,99.73,99.46,99.66
gha,N5,r180,39610,25376.28,24763.5,47834.0,53248.65,59035.0,99.92,99.84,99.66,99.33,99.53
gha,N6,r180,39610,25341.57,24733.0,47795.2,53209.65,58955.0,99.89,99.8,99.61,99.16,99.39
gha,N7,r180,39610,25301.09,24695.5,47749.1,53161.65,58868.0,99.88,99.77,99.57,99.07,99.24
gha,N8,r180,39610,25416.42,24801.0,47877.2,53291.65,59116.0,99.96,99.88,99.73,99.36,99.56
gha,N9,r180,39610,25341.44,24734.0,47798.1,53201.65,58953.0,99.88,99.81,99.63,99.08,99.3
gha,SL1,r180,39610,25392.69,24781.5,47850.2,53262.65,59033.0,99.94,99.86,99.7,99.27,99.47
gha,SL10,r180,39610,25421.91,24807.5,47883.2,53297.65,59114.0,99.96,99.89,99.74,99.28,99.47
gha,SL11,r180,39610,25388.67,24778.0,47847.2,53251.65,59031.0,99.94,99.87,99.7,99.16,99.37
gha,SL12,r180,39610,25359.18,24752.5,47813.1,53224.1,58956.0,99.93,99.84,99.66,99.04,99.25
gha,SL13,r180,39610,25337.1,24735.5,47787.1,53202.65,58891.0,99.9,99.81,99.63,98.94,99.12
gha,SL14,r180,39610,25403.81,24792.5,47860.1,53273.65,59048.0,99.94,99.89,99.73,99.3,99.5
gha,SL15,r180,39610,25402.43,24790.5,47861.2,53271.65,59036.0,99.95,99.89,99.72,99.25,99.45
gha,SL16,r180,39610,25348.75,24748.5,47797.2,53217.65,58895.0,99.93,99.86,99.68,99.11,99.32
gha,SL17,r180,39610,25427.53,24814.5,47890.0,53300.65,59111.0,99.96,99.9,99.75,99.5,99.7
gha,SL18,r180,39610,25400.99,24792.0,47859.0,53268.65,59030.0,99.94,99.88,99.73,99.41,99.61
gha,SL19,r180,39610,25376.75,24771.5,47828.2,53246.65,58975.0,99.93,99.87,99.71,99.31,99.52
gha,SL2,r180,39610,25384.95,24775.0,47842.2,53250.65,59027.0,99.92,99.84,99.68,99.19,99.4
gha,SL20,r180,39610,25344.09,24742.0,47789.2,53211.65,58884.0,99.92,99.83,99.66,99.2,99.41
gha,SL21,r180,39610,25431.18,24817.0,47893.1,53307.65,59118.0,99.97,99.91,99.76,99.4,99.6
gha,SL22,r180,39610,25373.04,24767.5,47827.1,53242.65,58967.0,99.92,99.85,99.68,99.19,99.39
gha,SL23,r180,39610,25430.06,24816.5,47891.2,53305.65,59118.0,99.97,99.9,99.76,99.3,99.5
gha,SL24,r180,39610,25400.62,24790.0,47857.2,53270.65,59043.0,99.94,99.87,99.72,99.2,99.39
gha,SL25,r180,39610,25370.13,24762.5,47819.3,53241.65,58959.0,99.94,99.86,99.7,99.11,99.31
gha,SL26,r180,39610,25349.21,24747.5,47797.1,53214.65,58880.0,99.92,99.84,99.67,99.01,99.21
gha,SL27,r180,39610,25413.49,24805.0,47872.1,53280.65,59053.0,99.96,99.9,99.76,99.34,99.54
gha,SL28,r180,39610,25407.41,24797.0,47864.0,53274.65,59042.0,99.96,99.9,99.75,99.28,99.48
gha,SL29,r180,39610,25360.41,24760.5,47805.0,53235.65,58901.0,99.94,99.86,99.7,99.15,99.36
gha,SL3,r180,39610,25329.02,24728.0,47776.2,53193.65,58868.0,99.89,99.8,99.62,99.03,99.24
gha,SL30,r180,39610,25435.06,24822.5,47897.1,53308.65,59120.0,99.97,99.91,99.77,99.52,99.72
gha,SL31,r180,39610,25408.94,24798.0,47865.2,53280.65,59040.0,99.95,99.9,99.75,99.43,99.64
gha,SL32,r180,39610,25384.04,24779.5,47836.2,53255.65,58974.0,99.95,99.88,99.73,99.34,99.55
gha,SL33,r180,39610,25362.09,24761.0,47806.1,53229.65,58885.0,99.95,99.87,99.71,99.27,99.47
gha,SL34,r180,39610,25434.15,24821.5,47896.2,53307.65,59118.0,99.97,99.91,99.77,99.41,99.62
gha,SL35,r180,39610,25387.45,24783.5,47839.2,53257.65,58975.0,99.96,99.89,99.73,99.26,99.46
gha,SL36,r180,39610,25433.61,24820.5,47897.1,53306.65,59110.0,99.97,99.91,99.77,99.31,99.51
gha,SL37,r180,39610,25410.75,24800.5,47868.2,53277.65,59046.0,99.96,99.9,99.75,99.24,99.44
gha,SL38,r180,39610,25386.31,24781.5,47835.2,53255.65,58965.0,99.94,99.89,99.73,99.15,99.35
gha,SL39,r180,39610,25360.63,24760.0,47803.1,53232.65,58904.0,99.92,99.86,99.69,99.06,99.26
gha,SL4,r180,39610,25422.35,24807.0,47884.2,53298.65,59110.0,99.96,99.9,99.74,99.48,99.68
gha,SL5,r180,39610,25387.88,24776.5,47845.1,53261.65,59032.0,99.94,99.86,99.7,99.35,99.56
gha,SL6,r180,39610,25357.19,24749.0,47810.2,53224.65,58961.0,99.91,99.84,99.66,99.25,99.47
gha,SL7,r180,39610,25325.65,24720.0,47773.0,53192.65,58877.0,99.9,99.79,99.62,99.13,99.33
gha,SL8,r180,39610,25423.01,24809.5,47886.1,53299.65,59104.0,99.95,99.89,99.74,99.37,99.58
gha,SL9,r180,39610,25361.02,24751.0,47816.2,53226.65,58977.0,99.92,99.85,99.68,99.16,99.37
gha,SR1,r180,39610,25373.59,24761.0,47831.2,53235.65,59043.0,99.91,99.83,99.65,99.2,99.41
gha,SR10,r180,39610,25408.82,24793.5,47871.1,53285.65,59108.0,99.93,99.86,99.7,99.23,99.42
gha,SR11,r180,39610,25367.43,24752.5,47826.1,53231.65,59031.0,99.92,99.83,99.65,99.09,99.28
gha,SR12,r180,39610,25323.59,24713.0,47780.2,53171.65,58944.0,99.89,99.8,99.6,98.93,99.15
gha,SR13,r180,39610,25280.81,24674.0,47730.0,53128.65,58879.0,99.87,99.76,99.56,98.79,99.0
gha,SR14,r180,39610,25365.18,24750.0,47823.2,53228.65,59033.0,99.93,99.84,99.65,99.18,99.38
gha,SR15,r180,39610,25360.86,24744.0,47821.0,53222.65,59032.0,99.91,99.82,99.63,99.11,99.3
gha,SR16,r180,39610,25272.21,24664.0,47725.0,53123.65,58874.0,99.85,99.71,99.52,98.83,99.04
gha,SR17,r180,39610,25405.45,24790.0,47866.2,53275.65,59110.0,99.93,99.86,99.7,99.42,99.62
gha,SR18,r180,39610,25368.41,24754.0,47827.2,53232.1,59044.0,99.91,99.83,99.65,99.27,99.46
gha,SR19,r180,39610,25320.19,24707.5,47775.2,53183.65,58972.0,99.87,99.76,99.57,99.09,99.31
gha,SR2,r180,39610,25367.58,24755.0,47826.1,53228.65,59032.0,99.91,99.81,99.63,99.12,99.33
gha,SR20,r180,39610,25284.81,24676.0,47736.2,53146.65,58913.0,99.84,99.74,99.55,98.96,99.16
gha,SR21,r180,39610,25404.68,24789.0,47865.2,53282.65,59115.0,99.93,99.86,99.7,99.32,99.52
gha,SR22,r180,39610,25322.33,24712.0,47778.2,53180.65,58966.0,99.86,99.76,99.57,99.0,99.23
gha,SR23,r180,39610,25404.95,24790.5,47867.1,53274.65,59102.0,99.95,99.86,99.7,99.22,99.42
gha,SR24,r180,39610,25356.53,24742.0,47815.2,53213.65,59026.0,99.89,99.81,99.63,99.04,99.23
gha,SR25,r180,39610,25313.14,24702.5,47768.2,53167.65,58948.0,99.88,99.77,99.58,98.91,99.08
gha,SR26,r180,39610,25265.95,24660.0,47719.2,53104.65,58863.0,99.8,99.69,99.48,98.71,98.93
gha,SR27,r180,39610,25352.08,24735.5,47808.2,53217.65,59032.0,99.89,99.79,99.62,99.13,99.34
gha,SR28,r180,39610,25359.89,24744.0,47818.2,53223.65,59042.0,99.92,99.82,99.63,99.12,99.31
gha,SR29,r180,39610,25270.63,24660.5,47724.2,53124.65,58903.0,99.85,99.77,99.53,98.82,99.04
gha,SR3,r180,39610,25287.35,24683.5,47741.1,53135.65,58866.0,99.84,99.73,99.52,98.89,99.09
gha,SR30,r180,39610,25408.39,24793.0,47870.2,53279.65,59118.0,99.96,99.88,99.71,99.43,99.63
gha,SR31,r180,39610,25360.59,24745.0,47820.1,53220.65,59038.0,99.91,99.82,99.63,99.25,99.45
gha,SR32,r180,39610,25306.13,24694.0,47762.1,53159.65,58960.0,99.87,99.73,99.56,99.07,99.28
gha,SR33,r180,39610,25269.26,24660.5,47725.1,53110.65,58889.0,99.85,99.75,99.54,98.93,99.15
gha,SR34,r180,39610,25404.98,24790.0,47866.2,53278.65,59113.0,99.94,99.86,99.7,99.32,99.52
gha,SR35,r180,39610,25315.33,24701.5,47773.0,53166.65,58963.0,99.87,99.78,99.57,99.0,99.19
gha,SR36,r180,39610,25415.05,24799.0,47876.1,53289.65,59126.0,99.95,99.88,99.72,99.24,99.45
gha,SR37,r180,39610,25360.43,24744.5,47819.1,53224.65,59041.0,99.89,99.81,99.63,99.05,99.26
gha,SR38,r180,39610,25314.83,24702.0,47772.0,53168.65,58964.0,99.89,99.79,99.58,98.9,99.09
gha,SR39,r180,39610,25268.44,24661.5,47722.1,53113.65,58895.0,99.87,99.73,99.52,98.74,98.92
gha,SR4,r180,39610,25409.99,24795.5,47872.2,53281.65,59105.0,99.95,99.87,99.71,99.44,99.64
gha,SR5,r180,39610,25373.52,24760.0,47832.2,53239.65,59036.0,99.92,99.82,99.63,99.28,99.5
gha,SR6,r180,39610,25329.42,24719.5,47786.2,53184.65,58964.0,99.88,99.78,99.61,99.15,99.35
gha,SR7,r180,39610,25293.05,24688.5,47748.2,53146.65,58879.0,99.83,99.74,99.53,98.98,99.21
gha,SR8,r180,39610,25409.06,24794.5,47870.3,53282.65,59107.0,99.95,99.88,99.72,99.34,99.54
gha,SR9,r180,39610,25322.98,24712.5,47777.1,53180.65,58938.0,99.87,99.78,99.6,99.03,99.25
gha,U1,r180,39610,25340.11,24743.0,47786.2,53205.65,58958.0,99.97,99.91,99.75,99.15,99.38
gha,ED0,r200,39610,28193.48,27516.67,53221.7,59225.17,65690.67,99.9,99.8,99.6,99.21,99.42
gha,ED1,r200,39610,28213.83,27544.17,53238.8,59248.5,65693.0,99.96,99.9,99.72,99.22,99.41
gha,ED2,r200,39610,28223.27,27553.17,53244.43,59256.5,65694.0,99.97,99.91,99.73,99.24,99.42
gha,ED3,r200,39610,28216.73,27530.67,53248.07,59247.5,65737.0,99.89,99.77,99.59,99.41,99.59
gha,ED4,r200,39610,28270.91,27585.67,53303.7,59304.83,65807.33,99.91,99.84,99.67,99.68,99.85
gha,ED5,r200,39610,28315.89,27631.17,53349.53,59361.5,65870.0,99.95,99.88,99.73,99.84,100.0
gha,EG0,r200,39610,28293.66,27623.17,53309.43,59336.5,65692.0,99.98,99.93,99.81,99.27,99.45
gha,EG1,r200,39610,28270.82,27603.67,53285.33,59315.5,65694.0,99.98,99.93,99.79,99.28,99.46
gha,EG2,r200,39610,28261.8,27596.17,53276.7,59304.5,65693.67,99.97,99.92,99.79,99.28,99.46
gha,EG3,r200,39610,28321.88,27645.67,53350.7,59364.5,65730.0,99.98,99.93,99.81,99.27,99.45
gha,EG4,r200,39610,28340.99,27661.67,53376.17,59384.5,65819.33,99.98,99.93,99.81,99.27,99.45
gha,EG5,r200,39610,28351.21,27668.17,53388.17,59403.5,65868.0,99.98,99.93,99.81,99.27,99.45
gha,N1,r200,39610,28279.86,27598.17,53311.07,59318.5,65763.33,99.93,99.86,99.7,99.3,99.48
gha,N10,r200,39610,28318.8,27635.0,53352.23,59368.5,65846.67,99.96,99.9,99.76,99.33,99.51
gha,N11,r200,39610,28278.24,27595.83,53309.0,59320.17,65759.0,99.93,99.85,99.7,99.2,99.38
gha,N12,r200,39610,28234.95,27557.67,53261.27,59258.83,65678.0,99.9,99.8,99.63,99.08,99.25
gha,N13,r200,39610,28205.5,27530.17,53226.43,59232.17,65603.67,99.92,99.82,99.66,98.96,99.15
gha,N2,r200,39610,28280.75,27600.17,53308.17,59322.17,65766.67,99.94,99.87,99.71,99.25,99.44
gha,N3,r200,39610,28200.44,27528.17,53225.7,59229.83,65606.67,99.87,99.78,99.61,99.04,99.24
gha,N4,r200,39610,28316.57,27634.0,53349.23,59359.17,65844.67,99.96,99.9,99.76,99.52,99.69
gha,N5,r200,39610,28277.04,27595.5,53306.4,59320.83,65767.0,99.93,99.85,99.69,99.39,99.57
gha,N6,r200,39610,28241.4,27564.0,53266.6,59281.83,65686.0,99.9,99.83,99.65,99.26,99.44
gha,N7,r200,39610,28200.98,27526.5,53222.03,59233.83,65599.0,99.9,99.8,99.61,99.14,99.33
gha,N8,r200,39610,28317.78,27633.5,53350.77,59364.83,65849.0,99.96,99.9,99.76,99.42,99.6
gha,N9,r200,39610,28241.82,27565.67,53270.43,59273.83,65684.33,99.91,99.83,99.67,99.18,99.36
gha,SL1,r200,39610,28294.39,27614.5,53323.33,59336.17,65764.0,99.95,99.88,99.73,99.34,99.53
gha,SL10,r200,39610,28323.44,27640.17,53356.7,59371.17,65847.67,99.96,99.9,99.77,99.35,99.53
gha,SL11,r200,39610,28290.04,27610.5,53320.87,59325.17,65764.33,99.95,99.89,99.74,99.25,99.43
gha,SL12,r200,39610,28260.08,27584.5,53285.4,59297.62,65688.67,99.94,99.85,99.7,99.13,99.33
gha,SL13,r200,39610,28238.37,27567.83,53261.43,59275.83,65623.0,99.91,99.83,99.67,99.03,99.21
gha,SL14,r200,39610,28305.57,27625.5,53333.23,59347.5,65780.67,99.95,99.9,99.76,99.38,99.56
gha,SL15,r200,39610,28304.39,27623.67,53335.43,59345.5,65769.67,99.96,99.9,99.76,99.32,99.51
gha,SL16,r200,39610,28250.48,27581.5,53270.97,59291.17,65625.67,99.94,99.88,99.72,99.2,99.39
gha,SL17,r200,39610,28329.51,27647.67,53362.63,59374.5,65844.67,99.96,99.91,99.78,99.55,99.73
gha,SL18,r200,39610,28302.62,27624.83,53331.83,59342.17,65762.33,99.95,99.9,99.76,99.47,99.65
gha,SL19,r200,39610,28278.07,27604.0,53301.77,59320.17,65707.0,99.94,99.88,99.74,99.38,99.57
gha,SL2,r200,39610,28286.48,27607.83,53315.3,59323.83,65759.33,99.93,99.86,99.71,99.28,99.46
gha,SL20,r200,39610,28245.2,27574.33,53262.83,59284.83,65616.33,99.93,99.85,99.7,99.28,99.47
gha,SL21,r200,39610,28333.14,27650.17,53366.27,59381.5,65850.33,99.98,99.92,99.79,99.46,99.64
gha,SL22,r200,39610,28274.4,27600.0,53300.23,59315.83,65697.67,99.94,99.87,99.72,99.28,99.46
gha,SL23,r200,39610,28332.03,27649.67,53364.27,59379.5,65851.67,99.97,99.91,99.79,99.37,99.55
gha,SL24,r200,39610,28302.05,27622.67,53331.17,59343.83,65775.67,99.95,99.89,99.75,99.28,99.46
gha,SL25,r200,39610,28271.33,27594.83,53293.1,59314.83,65691.0,99.95,99.88,99.73,99.19,99.37
gha,SL26,r200,39610,28250.83,27580.33,53270.2,59288.5,65610.0,99.93,99.86,99.7,99.1,99.3
gha,SL27,r200,39610,28315.45,27638.17,53345.17,59354.5,65785.67,99.97,99.91,99.78,99.41,99.59
gha,SL28,r200,39610,28309.38,27630.17,53338.07,59348.5,65774.0,99.96,99.91,99.78,99.35,99.53
gha,SL29,r200,39610,28262.16,27593.5,53278.5,59309.17,65632.67,99.94,99.88,99.73,99.24,99.43
gha,SL3,r200,39610,28229.29,27559.5,53249.13,59265.5,65597.67,99.9,99.82,99.66,99.12,99.31
gha,SL30,r200,39610,28337.04,27655.67,53370.53,59382.5,65853.67,99.98,99.93,99.8,99.57,99.75
gha,SL31,r200,39610,28310.74,27631.0,53338.97,59354.17,65773.0,99.96,99.91,99.78,99.49,99.67
gha,SL32,r200,39610,28285.87,27612.5,53309.6,59329.5,65705.67,99.96,99.89,99.76,99.41,99.6
gha,SL33,r200,39610,28264.03,27594.17,53280.7,59303.5,65615.0,99.96,99.89,99.74,99.35,99.53
gha,SL34,r200,39610,28336.13,27654.67,53370.33,59381.5,65852.0,99.97,99.92,99.8,99.47,99.66
gha,SL35,r200,39610,28289.43,27616.67,53313.8,59331.5,65705.33,99.97,99.91,99.76,99.34,99.52
gha,SL36,r200,39610,28335.59,27653.67,53370.53,59380.5,65843.67,99.97,99.93,99.8,99.38,99.56
gha,SL37,r200,39610,28312.71,27633.67,53342.23,59351.5,65779.33,99.97,99.91,99.78,99.31,99.5
gha,SL38,r200,39610,28288.13,27614.5,53309.5,59329.5,65697.33,99.95,99.9,99.76,99.24,99.42
gha,SL39,r200,39610,28262.22,27592.83,53276.2,59306.5,65636.0,99.94,99.87,99.73,99.15,99.34
gha,SL4,r200,39610,28324.19,27640.0,53358.13,59372.5,65844.0,99.96,99.91,99.77,99.54,99.72
gha,SL5,r200,39610,28289.02,27608.67,53317.9,59335.5,65765.33,99.95,99.88,99.73,99.42,99.61
gha,SL6,r200,39610,28258.05,27581.0,53284.03,59297.5,65692.33,99.93,99.86,99.69,99.34,99.51
gha,SL7,r200,39610,28226.71,27552.33,53245.83,59265.5,65607.33,99.92,99.81,99.66,99.21,99.4
gha,SL8,r200,39610,28324.65,27642.33,53358.3,59373.17,65836.67,99.95,99.9,99.77,99.44,99.62
gha,SL9,r200,39610,28262.11,27583.33,53288.57,59299.5,65709.33,99.93,99.87,99.71,99.24,99.43
gha,SR1,r200,39610,28274.31,27593.0,53303.87,59308.17,65775.67,99.92,99.86,99.69,99.28,99.46
gha,SR10,r200,39610,28310.03,27626.0,53343.87,59358.83,65841.33,99.94,99.87,99.73,99.3,99.49
gha,SR11,r200,39610,28268.17,27584.33,53298.2,59304.83,65763.33,99.93,99.86,99.69,99.18,99.35
gha,SR12,r200,39610,28223.44,27544.0,53252.77,59243.17,65675.67,99.9,99.82,99.65,99.04,99.23
gha,SR13,r200,39610,28180.46,27504.83,53201.1,59200.5,65610.0,99.89,99.8,99.61,98.91,99.09
gha,SR14,r200,39610,28266.6,27582.67,53296.53,59301.83,65765.67,99.94,99.86,99.7,99.26,99.44
gha,SR15,r200,39610,28261.29,27576.0,53292.77,59296.17,65765.67,99.92,99.85,99.67,99.2,99.37
gha,SR16,r200,39610,28171.54,27494.5,53195.6,59194.83,65604.33,99.87,99.75,99.57,98.95,99.12
gha,SR17,r200,39610,28306.86,27622.67,53339.53,59348.83,65843.33,99.94,99.88,99.73,99.47,99.66
gha,SR18,r200,39610,28268.63,27585.33,53299.47,59304.28,65776.33,99.93,99.84,99.68,99.35,99.52
gha,SR19,r200,39610,28220.74,27539.33,53247.23,59256.5,65704.67,99.89,99.79,99.62,99.17,99.37
gha,SR2,r200,39610,28267.92,27586.5,53297.9,59300.83,65763.33,99.92,99.84,99.68,99.21,99.4
gha,SR20,r200,39610,28183.64,27506.0,53206.6,59216.83,65643.0,99.87,99.77,99.6,99.07,99.23
gha,SR21,r200,39610,28306.18,27621.67,53338.17,59356.5,65849.0,99.95,99.88,99.73,99.39,99.57
gha,SR22,r200,39610,28221.91,27542.83,53250.2,59252.5,65697.0,99.87,99.78,99.61,99.1,99.3
gha,SR23,r200,39610,28306.42,27623.17,53340.43,59347.83,65835.33,99.96,99.88,99.73,99.29,99.47
gha,SR24,r200,39610,28257.47,27574.33,53288.37,59286.17,65758.0,99.91,99.82,99.66,99.13,99.31
gha,SR25,r200,39610,28213.26,27533.83,53240.57,59239.83,65679.67,99.91,99.8,99.63,98.99,99.18
gha,SR26,r200,39610,28162.92,27488.17,53188.53,59173.5,65590.0,99.83,99.72,99.53,98.85,99.01
gha,SR27,r200,39610,28251.87,27566.5,53279.33,59289.17,65763.33,99.89,99.81,99.65,99.23,99.39
gha,SR28,r200,39610,28260.58,27575.83,53290.57,59297.17,65775.67,99.92,99.84,99.67,99.19,99.38
gha,SR29,r200,39610,28169.29,27490.33,53194.67,59196.5,65634.67,99.86,99.78,99.58,98.93,99.12
gha,SR3,r200,39610,28186.1,27513.5,53211.23,59205.17,65595.33,99.87,99.76,99.57,98.99,99.17
gha,SR30,r200,39610,28310.32,27626.17,53343.9,59353.5,65852.0,99.96,99.9,99.75,99.48,99.67
gha,SR31,r200,39610,28261.88,27577.5,53292.87,59293.5,65771.0,99.93,99.84,99.67,99.33,99.52
gha,SR32,r200,39610,28206.39,27525.33,53233.3,59232.5,65693.0,99.9,99.78,99.6,99.17,99.34
gha,SR33,r200,39610,28168.48,27490.83,53196.37,59182.17,65620.67,99.89,99.78,99.6,99.05,99.22
gha,SR34,r200,39610,28306.57,27622.83,53340.73,59352.17,65846.67,99.94,99.87,99.73,99.39,99.57
gha,SR35,r200,39610,28214.68,27532.17,53244.33,59237.17,65693.33,99.88,99.8,99.62,99.09,99.27
gha,SR36,r200,39610,28316.89,27632.0,53349.5,59363.5,65860.0,99.96,99.89,99.76,99.32,99.51
gha,SR37,r200,39610,28260.61,27575.83,53291.73,59296.83,65773.33,99.9,99.83,99.67,99.15,99.33
gha,SR38,r200,39610,28215.05,27533.33,53244.37,59240.83,65695.67,99.92,99.82,99.63,98.99,99.19
gha,SR39,r200,39610,28167.64,27491.83,53193.37,59184.83,65626.33,99.89,99.77,99.57,98.84,99.03
gha,SR4,r200,39610,28311.34,27628.0,53345.87,59355.17,65838.0,99.95,99.89,99.74,99.5,99.68
gha,SR5,r200,39610,28274.46,27592.17,53305.27,59312.83,65768.67,99.92,99.84,99.68,99.35,99.54
gha,SR6,r200,39610,28229.4,27550.67,53257.63,59255.5,65694.33,99.91,99.81,99.65,99.24,99.41
gha,SR7,r200,39610,28191.35,27517.83,53219.37,59217.17,65607.33,99.86,99.76,99.58,99.09,99.28
gha,SR8,r200,39610,28310.89,27627.5,53344.77,59356.5,65841.0,99.95,99.89,99.75,99.4,99.59
gha,SR9,r200,39610,28223.53,27544.33,53250.0,59253.5,65669.0,99.88,99.81,99.64,99.13,99.3
gha,U1,r200,39610,28242.08,27576.17,53261.07,59279.5,65692.0,99.98,99.92,99.78,99.26,99.45
