seat,flight,N1_entry,N1_wait_r200_flight,N1_wait_r180_flight,N1_proc_r200_flight,N1_proc_r180_flight,N1_wait_r200_airline,N1_wait_r180_airline,N1_proc_r200_airline,N1_proc_r180_airline,N1_wait_r200_gha,N1_wait_r180_gha,N1_proc_r200_gha,N1_proc_r180_gha
210,AI 173,-261.0,0.0,0.0,-257.667,-258.0,0.0,0.0,-257.667,-258.0,0.0,0.0,-257.667,-258.0
180,AI 173,-227.0,-0.0,0.0,-223.667,-224.0,0.0,0.0,-223.667,-224.0,0.0,0.0,-223.667,-224.0
114,AI 173,-219.0,0.0,0.0,-215.667,-216.0,0.0,0.0,-215.667,-216.0,0.0,0.0,-215.667,-216.0
221,AI 173,-214.0,0.0,0.0,-210.667,-211.0,5.0,4.0,-205.667,-207.0,5.0,4.0,-205.667,-207.0
126,AI 173,-211.0,0.333,0.0,-207.333,-208.0,12.0,10.0,-195.667,-198.0,12.0,10.0,-195.667,-198.0
253,AI 173,-209.0,5.0,4.0,-200.667,-202.0,23.333,20.0,-182.333,-186.0,23.333,20.0,-182.333,-186.0
235,AI 173,-209.0,1.667,1.0,-204.0,-205.0,20.0,17.0,-185.667,-189.0,20.0,17.0,-185.667,-189.0
285,AI 173,-209.0,8.333,7.0,-197.333,-199.0,26.667,23.0,-179.0,-183.0,26.667,23.0,-179.0,-183.0
168,AI 173,-202.0,8.0,6.0,-190.667,-193.0,56.333,49.0,-142.333,-150.0,56.333,49.0,-142.333,-150.0
107,AI 173,-202.0,4.667,3.0,-194.0,-196.0,53.0,46.0,-145.667,-153.0,53.0,46.0,-145.667,-153.0
157,AI 173,-201.0,13.667,11.0,-184.0,-187.0,72.0,63.0,-125.667,-135.0,72.0,63.0,-125.667,-135.0
32,AI 173,-201.0,10.333,8.0,-187.333,-190.0,68.667,60.0,-129.0,-138.0,68.667,60.0,-129.0,-138.0
249,AI 173,-198.0,14.0,11.0,-180.667,-184.0,79.0,69.0,-115.667,-126.0,79.0,69.0,-115.667,-126.0
267,AI 173,-194.0,13.333,10.0,-177.333,-181.0,108.333,95.0,-82.333,-96.0,108.333,95.0,-82.333,-96.0
283,AI 173,-193.0,15.667,12.0,-174.0,-178.0,124.0,109.0,-65.667,-81.0,124.0,109.0,-65.667,-81.0
7,AI 173,-192.0,18.0,14.0,-170.667,-175.0,126.333,111.0,-62.333,-78.0,126.333,111.0,-62.333,-78.0
74,AI 173,-192.0,21.333,17.0,-167.333,-172.0,129.667,114.0,-59.0,-75.0,129.667,114.0,-59.0,-75.0
72,AI 173,-191.0,27.0,22.0,-160.667,-166.0,148.667,131.0,-39.0,-57.0,148.667,131.0,-39.0,-57.0
4,AI 173,-191.0,23.667,19.0,-164.0,-169.0,145.333,128.0,-42.333,-60.0,145.333,128.0,-42.333,-60.0
136,AI 173,-191.0,30.333,25.0,-157.333,-163.0,152.0,134.0,-35.667,-54.0,152.0,134.0,-35.667,-54.0
83,AI 173,-189.0,35.0,29.0,-150.667,-157.0,176.667,156.0,-9.0,-30.0,176.667,156.0,-9.0,-30.0
178,AI 173,-189.0,38.333,32.0,-147.333,-154.0,180.0,159.0,-5.667,-27.0,180.0,159.0,-5.667,-27.0
21,AI 173,-189.0,31.667,26.0,-154.0,-160.0,173.333,153.0,-12.333,-33.0,173.333,153.0,-12.333,-33.0
271,AI 173,-188.0,40.667,34.0,-144.0,-151.0,205.667,182.0,21.0,-3.0,205.667,182.0,21.0,-3.0
123,AI 173,-187.0,43.0,36.0,-140.667,-148.0,221.333,196.0,37.667,12.0,221.333,196.0,37.667,12.0
66,AI 173,-186.0,45.333,38.0,-137.333,-145.0,230.333,204.0,47.667,21.0,230.333,204.0,47.667,21.0
142,AI 173,-184.0,46.667,39.0,-134.0,-142.0,255.0,226.0,74.333,45.0,255.0,226.0,74.333,45.0
257,AI 173,-183.0,49.0,41.0,-130.667,-139.0,264.0,234.0,84.333,54.0,264.0,234.0,84.333,54.0
163,AI 173,-180.0,49.333,41.0,-127.333,-136.0,317.667,282.0,141.0,105.0,317.667,282.0,141.0,105.0
273,AI 173,-180.0,52.667,44.0,-124.0,-133.0,321.0,285.0,144.333,108.0,321.0,285.0,144.333,108.0
119,AI 173,-179.0,55.0,46.0,-120.667,-130.0,350.0,311.0,174.333,135.0,350.0,311.0,174.333,135.0
212,AI 173,-179.0,58.333,49.0,-117.333,-127.0,353.333,314.0,177.667,138.0,353.333,314.0,177.667,138.0
226,AI 173,-178.0,60.667,51.0,-114.0,-124.0,359.0,319.0,184.333,144.0,359.0,319.0,184.333,144.0
204,AI 173,-177.0,69.667,59.0,-104.0,-115.0,374.667,333.0,201.0,159.0,374.667,333.0,201.0,159.0
203,AI 173,-177.0,66.333,56.0,-107.333,-118.0,371.333,330.0,197.667,156.0,371.333,330.0,197.667,156.0
48,AI 173,-177.0,63.0,53.0,-110.667,-121.0,368.0,327.0,194.333,153.0,368.0,327.0,194.333,153.0
254,AI 173,-176.0,75.333,64.0,-97.333,-109.0,397.0,353.0,224.333,180.0,397.0,353.0,224.333,180.0
55,AI 173,-176.0,72.0,61.0,-100.667,-112.0,393.667,350.0,221.0,177.0,393.667,350.0,221.0,177.0
68,AI 173,-175.0,77.667,66.0,-94.0,-106.0,416.0,370.0,244.333,198.0,416.0,370.0,244.333,198.0
60,AI 173,-174.0,80.0,68.0,-90.667,-103.0,438.333,390.0,267.667,219.0,438.333,390.0,267.667,219.0
213,AI 173,-174.0,90.0,77.0,-80.667,-94.0,448.333,399.0,277.667,228.0,448.333,399.0,277.667,228.0
165,AI 173,-174.0,86.667,74.0,-84.0,-97.0,445.0,396.0,274.333,225.0,445.0,396.0,274.333,225.0
92,AI 173,-174.0,83.333,71.0,-87.333,-100.0,441.667,393.0,271.0,222.0,441.667,393.0,271.0,222.0
252,AI 173,-173.0,95.667,82.0,-74.0,-88.0,477.333,425.0,307.667,255.0,477.333,425.0,307.667,255.0
56,AI 173,-173.0,92.333,79.0,-77.333,-91.0,474.0,422.0,304.333,252.0,474.0,422.0,304.333,252.0
87,AI 173,-172.0,98.0,84.0,-70.667,-85.0,493.0,439.0,324.333,270.0,493.0,439.0,324.333,270.0
240,AI 173,-171.0,103.667,89.0,-64.0,-79.0,512.0,456.0,344.333,288.0,512.0,456.0,344.333,288.0
244,AI 173,-171.0,107.0,92.0,-60.667,-76.0,515.333,459.0,347.667,291.0,515.333,459.0,347.667,291.0
192,AI 173,-171.0,100.333,86.0,-67.333,-82.0,508.667,453.0,341.0,285.0,508.667,453.0,341.0,285.0
176,AI 173,-170.0,119.333,103.0,-47.333,-64.0,557.667,497.0,391.0,330.0,557.667,497.0,391.0,330.0
35,AI 173,-170.0,109.333,94.0,-57.333,-73.0,547.667,488.0,381.0,321.0,547.667,488.0,381.0,321.0
76,AI 173,-170.0,112.667,97.0,-54.0,-70.0,551.0,491.0,384.333,324.0,551.0,491.0,384.333,324.0
167,AI 173,-170.0,116.0,100.0,-50.667,-67.0,554.333,494.0,387.667,327.0,554.333,494.0,387.667,327.0
65,AI 173,-169.0,121.667,105.0,-44.0,-61.0,590.0,526.0,424.333,360.0,590.0,526.0,424.333,360.0
139,AI 173,-169.0,128.333,111.0,-37.333,-55.0,596.667,532.0,431.0,366.0,596.667,532.0,431.0,366.0
162,AI 173,-169.0,131.667,114.0,-34.0,-52.0,600.0,535.0,434.333,369.0,600.0,535.0,434.333,369.0
121,AI 173,-169.0,125.0,108.0,-40.667,-58.0,593.333,529.0,427.667,363.0,593.333,529.0,427.667,363.0
260,AI 173,-168.0,147.333,128.0,-17.333,-37.0,642.333,573.0,477.667,408.0,642.333,573.0,477.667,408.0
120,AI 173,-168.0,137.333,119.0,-27.333,-46.0,632.333,564.0,467.667,399.0,632.333,564.0,467.667,399.0
146,AI 173,-168.0,140.667,122.0,-24.0,-43.0,635.667,567.0,471.0,402.0,635.667,567.0,471.0,402.0
8,AI 173,-168.0,134.0,116.0,-30.667,-49.0,629.0,561.0,464.333,396.0,629.0,561.0,464.333,396.0
216,AI 173,-168.0,144.0,125.0,-20.667,-40.0,639.0,570.0,474.333,405.0,639.0,570.0,474.333,405.0
41,AI 173,-167.0,149.667,130.0,-14.0,-34.0,671.333,599.0,507.667,435.0,671.333,599.0,507.667,435.0
186,AI 173,-166.0,152.0,132.0,-10.667,-31.0,703.667,628.0,541.0,465.0,703.667,628.0,541.0,465.0
223,AI 173,-166.0,155.333,135.0,-7.333,-28.0,707.0,631.0,544.333,468.0,707.0,631.0,544.333,468.0
282,AI 173,-165.0,167.667,146.0,6.0,-16.0,766.0,684.0,604.333,522.0,769.333,687.0,607.667,525.0
160,AI 173,-165.0,157.667,137.0,-4.0,-25.0,756.0,675.0,594.333,513.0,759.333,678.0,597.667,516.0
214,AI 173,-165.0,161.0,140.0,-0.667,-22.0,759.333,678.0,597.667,516.0,762.667,681.0,601.0,519.0
230,AI 173,-165.0,164.333,143.0,2.667,-19.0,762.667,681.0,601.0,519.0,766.0,684.0,604.333,522.0
236,AI 173,-164.0,176.667,154.0,16.0,-7.0,801.667,716.0,641.0,555.0,805.0,719.0,644.333,558.0
181,AI 173,-164.0,173.333,151.0,12.667,-10.0,798.333,713.0,637.667,552.0,801.667,716.0,641.0,555.0
3,AI 173,-164.0,170.0,148.0,9.333,-13.0,795.0,710.0,634.333,549.0,798.333,713.0,637.667,552.0
288,AI 173,-163.0,185.667,162.0,26.0,2.0,840.667,751.0,681.0,591.0,844.0,754.0,684.333,594.0
125,AI 173,-163.0,182.333,159.0,22.667,-1.0,837.333,748.0,677.667,588.0,840.667,751.0,681.0,591.0
54,AI 173,-163.0,179.0,156.0,19.333,-4.0,834.0,745.0,674.333,585.0,837.333,748.0,677.667,588.0
202,AI 173,-162.0,188.0,164.0,29.333,5.0,869.667,777.0,711.0,618.0,873.0,780.0,714.333,621.0
211,AI 173,-162.0,191.333,167.0,32.667,8.0,873.0,780.0,714.333,621.0,876.333,783.0,717.667,624.0
149,AI 173,-161.0,197.0,172.0,39.333,14.0,908.667,812.0,751.0,654.0,912.0,815.0,754.333,657.0
10,AI 173,-161.0,193.667,169.0,36.0,11.0,905.333,809.0,747.667,651.0,908.667,812.0,751.0,654.0
1,AI 173,-160.0,199.333,174.0,42.667,17.0,951.0,850.0,794.333,693.0,954.333,853.0,797.667,696.0
90,AI 173,-160.0,202.667,177.0,46.0,20.0,954.333,853.0,797.667,696.0,957.667,856.0,801.0,699.0
207,AI 173,-160.0,206.0,180.0,49.333,23.0,957.667,856.0,801.0,699.0,961.0,859.0,804.333,702.0
208,AI 173,-160.0,209.333,183.0,52.667,26.0,961.0,859.0,804.333,702.0,964.333,862.0,807.667,705.0
243,AI 173,-160.0,216.0,189.0,59.333,32.0,967.667,865.0,811.0,708.0,971.0,868.0,814.333,711.0
209,AI 173,-160.0,212.667,186.0,56.0,29.0,964.333,862.0,807.667,705.0,967.667,865.0,811.0,708.0
184,AI 173,-159.0,225.0,197.0,69.333,41.0,1010.0,903.0,854.333,747.0,1013.333,906.0,857.667,750.0
187,AI 173,-159.0,228.333,200.0,72.667,44.0,1013.333,906.0,857.667,750.0,1016.667,909.0,861.0,753.0
158,AI 173,-159.0,221.667,194.0,66.0,38.0,1006.667,900.0,851.0,744.0,1010.0,903.0,854.333,747.0
134,AI 173,-159.0,218.333,191.0,62.667,35.0,1003.333,897.0,847.667,741.0,1006.667,900.0,851.0,744.0
276,AI 173,-159.0,231.667,203.0,76.0,47.0,1016.667,909.0,861.0,753.0,1020.0,912.0,864.333,756.0
259,AI 173,-158.0,234.0,205.0,79.333,50.0,1052.333,941.0,897.667,786.0,1055.667,944.0,901.0,789.0
250,AI 173,-157.0,246.333,216.0,92.667,62.0,1098.0,982.0,944.333,828.0,1101.333,985.0,947.667,831.0
196,AI 173,-157.0,243.0,213.0,89.333,59.0,1094.667,979.0,941.0,825.0,1098.0,982.0,944.333,828.0
106,AI 173,-157.0,236.333,207.0,82.667,53.0,1088.0,973.0,934.333,819.0,1091.333,976.0,937.667,822.0
166,AI 173,-157.0,239.667,210.0,86.0,56.0,1091.333,976.0,937.667,822.0,1094.667,979.0,941.0,825.0
82,AI 173,-156.0,258.667,227.0,106.0,74.0,1163.667,1041.0,1011.0,888.0,1167.0,1044.0,1014.333,891.0
71,AI 173,-156.0,255.333,224.0,102.667,71.0,1160.333,1038.0,1007.667,885.0,1163.667,1041.0,1011.0,888.0
201,AI 173,-156.0,262.0,230.0,109.333,77.0,1167.0,1044.0,1014.333,891.0,1170.333,1047.0,1017.667,894.0
69,AI 173,-156.0,252.0,221.0,99.333,68.0,1157.0,1035.0,1004.333,882.0,1160.333,1038.0,1007.667,885.0
28,AI 173,-156.0,248.667,218.0,96.0,65.0,1153.667,1032.0,1001.0,879.0,1157.0,1035.0,1004.333,882.0
152,AI 173,-155.0,277.667,244.0,126.0,92.0,1229.333,1100.0,1077.667,948.0,1232.667,1103.0,1081.0,951.0
49,AI 173,-155.0,264.333,232.0,112.667,80.0,1216.0,1088.0,1064.333,936.0,1219.333,1091.0,1067.667,939.0
174,AI 173,-155.0,281.0,247.0,129.333,95.0,1232.667,1103.0,1081.0,951.0,1236.0,1106.0,1084.333,954.0
51,AI 173,-155.0,267.667,235.0,116.0,83.0,1219.333,1091.0,1067.667,939.0,1222.667,1094.0,1071.0,942.0
88,AI 173,-155.0,274.333,241.0,122.667,89.0,1226.0,1097.0,1074.333,945.0,1229.333,1100.0,1077.667,948.0
59,AI 173,-155.0,271.0,238.0,119.333,86.0,1222.667,1094.0,1071.0,942.0,1226.0,1097.0,1074.333,945.0
97,AI 173,-154.0,286.667,252.0,136.0,101.0,1271.667,1138.0,1121.0,987.0,1275.0,1141.0,1124.333,990.0
116,AI 173,-154.0,290.0,255.0,139.333,104.0,1275.0,1141.0,1124.333,990.0,1278.333,1144.0,1127.667,993.0
155,AI 173,-154.0,296.667,261.0,146.0,110.0,1281.667,1147.0,1131.0,996.0,1285.0,1150.0,1134.333,999.0
18,AI 173,-154.0,283.333,249.0,132.667,98.0,1268.333,1135.0,1117.667,984.0,1271.667,1138.0,1121.0,987.0
150,AI 173,-154.0,293.333,258.0,142.667,107.0,1278.333,1144.0,1127.667,993.0,1281.667,1147.0,1131.0,996.0
151,AI 173,-153.0,309.0,272.0,159.333,122.0,1324.0,1185.0,1174.333,1035.0,1327.333,1188.0,1177.667,1038.0
98,AI 173,-153.0,299.0,263.0,149.333,113.0,1314.0,1176.0,1164.333,1026.0,1317.333,1179.0,1167.667,1029.0
175,AI 173,-153.0,312.333,275.0,162.667,125.0,1327.333,1188.0,1177.667,1038.0,1330.667,1191.0,1181.0,1041.0
145,AI 173,-153.0,305.667,269.0,156.0,119.0,1320.667,1182.0,1171.0,1032.0,1324.0,1185.0,1174.333,1035.0
109,AI 173,-153.0,302.333,266.0,152.667,116.0,1317.333,1179.0,1167.667,1029.0,1320.667,1182.0,1171.0,1032.0
141,AI 173,-152.0,318.0,280.0,169.333,131.0,1393.0,1247.0,1244.333,1098.0,1396.333,1250.0,1247.667,1101.0
154,AI 173,-152.0,321.333,283.0,172.667,134.0,1396.333,1250.0,1247.667,1101.0,1399.667,1253.0,1251.0,1104.0
13,AI 173,-152.0,314.667,277.0,166.0,128.0,1389.667,1244.0,1241.0,1095.0,1393.0,1247.0,1244.333,1098.0
277,AI 173,-151.0,343.667,303.0,196.0,155.0,1465.333,1312.0,1317.667,1164.0,1472.0,1318.0,1324.333,1170.0
144,AI 173,-151.0,330.333,291.0,182.667,143.0,1452.0,1300.0,1304.333,1152.0,1458.667,1306.0,1311.0,1158.0
40,AI 173,-151.0,327.0,288.0,179.333,140.0,1448.667,1297.0,1301.0,1149.0,1455.333,1303.0,1307.667,1155.0
37,AI 173,-151.0,323.667,285.0,176.0,137.0,1445.333,1294.0,1297.667,1146.0,1452.0,1300.0,1304.333,1152.0
232,AI 173,-151.0,337.0,297.0,189.333,149.0,1458.667,1306.0,1311.0,1158.0,1465.333,1312.0,1317.667,1164.0
238,AI 173,-151.0,340.333,300.0,192.667,152.0,1462.0,1309.0,1314.333,1161.0,1468.667,1315.0,1321.0,1167.0
193,AI 173,-151.0,333.667,294.0,186.0,146.0,1455.333,1303.0,1307.667,1155.0,1462.0,1309.0,1314.333,1161.0
195,AI 173,-150.0,352.667,311.0,206.0,164.0,1511.0,1353.0,1364.333,1206.0,1517.667,1359.0,1371.0,1212.0
108,AI 173,-150.0,349.333,308.0,202.667,161.0,1507.667,1350.0,1361.0,1203.0,1514.333,1356.0,1367.667,1209.0
42,AI 173,-150.0,346.0,305.0,199.333,158.0,1504.333,1347.0,1357.667,1200.0,1511.0,1353.0,1364.333,1206.0
198,AI 173,-150.0,356.0,314.0,209.333,167.0,1514.333,1356.0,1367.667,1209.0,1521.0,1362.0,1374.333,1215.0
270,AI 173,-149.0,358.333,316.0,212.667,170.0,1563.333,1400.0,1417.667,1254.0,1573.333,1409.0,1427.667,1263.0
79,AI 173,-148.0,367.333,324.0,222.667,179.0,1605.667,1438.0,1461.0,1293.0,1615.667,1447.0,1471.0,1302.0
281,AI 173,-148.0,377.333,333.0,232.667,188.0,1615.667,1447.0,1471.0,1302.0,1625.667,1456.0,1481.0,1311.0
26,AI 173,-148.0,360.667,318.0,216.0,173.0,1599.0,1432.0,1454.333,1287.0,1609.0,1441.0,1464.333,1296.0
77,AI 173,-148.0,364.0,321.0,219.333,176.0,1602.333,1435.0,1457.667,1290.0,1612.333,1444.0,1467.667,1299.0
129,AI 173,-148.0,374.0,330.0,229.333,185.0,1612.333,1444.0,1467.667,1299.0,1622.333,1453.0,1477.667,1308.0
91,AI 173,-148.0,370.667,327.0,226.0,182.0,1609.0,1441.0,1464.333,1296.0,1619.0,1450.0,1474.333,1305.0
220,AI 173,-147.0,393.0,347.0,249.333,203.0,1678.0,1503.0,1534.333,1359.0,1691.333,1515.0,1547.667,1371.0
227,AI 173,-147.0,396.333,350.0,252.667,206.0,1681.333,1506.0,1537.667,1362.0,1694.667,1518.0,1551.0,1374.0
23,AI 173,-147.0,379.667,335.0,236.0,191.0,1664.667,1491.0,1521.0,1347.0,1678.0,1503.0,1534.333,1359.0
199,AI 173,-147.0,389.667,344.0,246.0,200.0,1674.667,1500.0,1531.0,1356.0,1688.0,1512.0,1544.333,1368.0
132,AI 173,-147.0,386.333,341.0,242.667,197.0,1671.333,1497.0,1527.667,1353.0,1684.667,1509.0,1541.0,1365.0
113,AI 173,-147.0,383.0,338.0,239.333,194.0,1668.0,1494.0,1524.333,1350.0,1681.333,1506.0,1537.667,1362.0
279,AI 173,-147.0,399.667,353.0,256.0,209.0,1684.667,1509.0,1541.0,1365.0,1698.0,1521.0,1554.333,1377.0
233,AI 173,-146.0,402.0,355.0,259.333,212.0,1743.667,1562.0,1601.0,1419.0,1757.0,1574.0,1614.333,1431.0
274,AI 173,-145.0,414.333,366.0,272.667,224.0,1812.667,1624.0,1671.0,1482.0,1826.0,1636.0,1684.333,1494.0
177,AI 173,-145.0,411.0,363.0,269.333,221.0,1809.333,1621.0,1667.667,1479.0,1822.667,1633.0,1681.0,1491.0
33,AI 173,-145.0,404.333,357.0,262.667,215.0,1802.667,1615.0,1661.0,1473.0,1816.0,1627.0,1674.333,1485.0
99,AI 173,-145.0,407.667,360.0,266.0,218.0,1806.0,1618.0,1664.333,1476.0,1819.333,1630.0,1677.667,1488.0
112,AI 173,-144.0,420.0,371.0,279.333,230.0,1868.333,1674.0,1727.667,1533.0,1885.0,1689.0,1744.333,1548.0
73,AI 173,-144.0,416.667,368.0,276.0,227.0,1865.0,1671.0,1724.333,1530.0,1881.667,1686.0,1741.0,1545.0
117,AI 173,-144.0,423.333,374.0,282.667,233.0,1871.667,1677.0,1731.0,1536.0,1888.333,1692.0,1747.667,1551.0
67,AI 173,-143.0,425.667,376.0,286.0,236.0,1924.0,1724.0,1784.333,1584.0,1940.667,1739.0,1801.0,1599.0
262,AI 173,-143.0,439.0,388.0,299.333,248.0,1937.333,1736.0,1797.667,1596.0,1954.0,1751.0,1814.333,1611.0
188,AI 173,-143.0,435.667,385.0,296.0,245.0,1934.0,1733.0,1794.333,1593.0,1950.667,1748.0,1811.0,1608.0
173,AI 173,-143.0,432.333,382.0,292.667,242.0,1930.667,1730.0,1791.0,1590.0,1947.333,1745.0,1807.667,1605.0
110,AI 173,-143.0,429.0,379.0,289.333,239.0,1927.333,1727.0,1787.667,1587.0,1944.0,1742.0,1804.333,1602.0
242,AI 173,-142.0,444.667,393.0,306.0,254.0,1986.333,1780.0,1847.667,1641.0,2006.333,1798.0,1867.667,1659.0
43,AI 173,-142.0,441.333,390.0,302.667,251.0,1983.0,1777.0,1844.333,1638.0,2003.0,1795.0,1864.333,1656.0
2,AI 173,-141.0,447.0,395.0,309.333,257.0,2042.0,1830.0,1904.333,1692.0,2062.0,1848.0,1924.333,1710.0
287,AI 173,-140.0,452.667,400.0,316.0,263.0,2107.667,1889.0,1971.0,1752.0,2127.667,1907.0,1991.0,1770.0
105,AI 173,-140.0,449.333,397.0,312.667,260.0,2104.333,1886.0,1967.667,1749.0,2124.333,1904.0,1987.667,1767.0
62,AI 173,-139.0,455.0,402.0,319.333,266.0,2146.667,1924.0,2011.0,1788.0,2170.0,1945.0,2034.333,1809.0
115,AI 173,-139.0,458.333,405.0,322.667,269.0,2150.0,1927.0,2014.333,1791.0,2173.333,1948.0,2037.667,1812.0
169,AI 173,-138.0,477.333,422.0,342.667,287.0,2255.667,2022.0,2121.0,1887.0,2282.333,2046.0,2147.667,1911.0
5,AI 173,-138.0,460.667,407.0,326.0,272.0,2239.0,2007.0,2104.333,1872.0,2265.667,2031.0,2131.0,1896.0
6,AI 173,-138.0,464.0,410.0,329.333,275.0,2242.333,2010.0,2107.667,1875.0,2269.0,2034.0,2134.333,1899.0
81,AI 173,-138.0,470.667,416.0,336.0,281.0,2249.0,2016.0,2114.333,1881.0,2275.667,2040.0,2141.0,1905.0
218,AI 173,-138.0,484.0,428.0,349.333,293.0,2262.333,2028.0,2127.667,1893.0,2289.0,2052.0,2154.333,1917.0
185,AI 173,-138.0,480.667,425.0,346.0,290.0,2259.0,2025.0,2124.333,1890.0,2285.667,2049.0,2151.0,1914.0
22,AI 173,-138.0,467.333,413.0,332.667,278.0,2245.667,2013.0,2111.0,1878.0,2272.333,2037.0,2137.667,1902.0
100,AI 173,-138.0,474.0,419.0,339.333,284.0,2252.333,2019.0,2117.667,1884.0,2279.0,2043.0,2144.333,1908.0
265,AI 173,-137.0,489.667,433.0,356.0,299.0,2348.0,2105.0,2214.333,1971.0,2378.0,2132.0,2244.333,1998.0
179,AI 173,-137.0,486.333,430.0,352.667,296.0,2344.667,2102.0,2211.0,1968.0,2374.667,2129.0,2241.0,1995.0
44,AI 173,-136.0,495.333,438.0,362.667,305.0,2413.667,2164.0,2281.0,2031.0,2450.333,2197.0,2317.667,2064.0
58,AI 173,-136.0,498.667,441.0,366.0,308.0,2417.0,2167.0,2284.333,2034.0,2453.667,2200.0,2321.0,2067.0
78,AI 173,-136.0,502.0,444.0,369.333,311.0,2420.333,2170.0,2287.667,2037.0,2457.0,2203.0,2324.333,2070.0
215,AI 173,-136.0,505.333,447.0,372.667,314.0,2423.667,2173.0,2291.0,2040.0,2460.333,2206.0,2327.667,2073.0
30,AI 173,-136.0,492.0,435.0,359.333,302.0,2410.333,2161.0,2277.667,2028.0,2447.0,2194.0,2314.333,2061.0
103,AI 173,-135.0,511.0,452.0,379.333,320.0,2486.0,2229.0,2354.333,2097.0,2522.667,2262.0,2391.0,2130.0
246,AI 173,-135.0,517.667,458.0,386.0,326.0,2492.667,2235.0,2361.0,2103.0,2529.333,2268.0,2397.667,2136.0
138,AI 173,-135.0,514.333,455.0,382.667,323.0,2489.333,2232.0,2357.667,2100.0,2526.0,2265.0,2394.333,2133.0
94,AI 173,-135.0,507.667,449.0,376.0,317.0,2482.667,2226.0,2351.0,2094.0,2519.333,2259.0,2387.667,2127.0
95,AI 173,-133.0,522.333,462.0,392.667,332.0,2604.0,2335.0,2474.333,2205.0,2654.0,2380.0,2524.333,2250.0
52,AI 173,-133.0,519.0,459.0,389.333,329.0,2600.667,2332.0,2471.0,2202.0,2650.667,2377.0,2521.0,2247.0
280,AI 173,-133.0,525.667,465.0,396.0,335.0,2607.333,2338.0,2477.667,2208.0,2657.333,2383.0,2527.667,2253.0
269,AI 173,-132.0,534.667,473.0,406.0,344.0,2679.667,2403.0,2551.0,2274.0,2739.667,2457.0,2611.0,2328.0
102,AI 173,-132.0,528.0,467.0,399.333,338.0,2673.0,2397.0,2544.333,2268.0,2733.0,2451.0,2604.333,2322.0
191,AI 173,-132.0,531.333,470.0,402.667,341.0,2676.333,2400.0,2547.667,2271.0,2736.333,2454.0,2607.667,2325.0
9,AI 173,-131.0,537.0,475.0,409.333,347.0,2742.0,2459.0,2614.333,2331.0,2808.667,2519.0,2681.0,2391.0
11,AI 173,-131.0,540.333,478.0,412.667,350.0,2745.333,2462.0,2617.667,2334.0,2812.0,2522.0,2684.333,2394.0
61,AI 173,-131.0,550.333,487.0,422.667,359.0,2755.333,2471.0,2627.667,2343.0,2822.0,2531.0,2694.333,2403.0
12,AI 173,-131.0,543.667,481.0,416.0,353.0,2748.667,2465.0,2621.0,2337.0,2815.333,2525.0,2687.667,2397.0
225,AI 173,-131.0,553.667,490.0,426.0,362.0,2758.667,2474.0,2631.0,2346.0,2825.333,2534.0,2697.667,2406.0
47,AI 173,-131.0,547.0,484.0,419.333,356.0,2752.0,2468.0,2624.333,2340.0,2818.667,2528.0,2691.0,2400.0
247,AI 173,-131.0,557.0,493.0,429.333,365.0,2762.0,2477.0,2634.333,2349.0,2828.667,2537.0,2701.0,2409.0
256,AI 173,-130.0,569.333,504.0,442.667,377.0,2834.333,2542.0,2707.667,2415.0,2904.333,2605.0,2777.667,2478.0
219,AI 173,-130.0,566.0,501.0,439.333,374.0,2831.0,2539.0,2704.333,2412.0,2901.0,2602.0,2774.333,2475.0
86,AI 173,-130.0,559.333,495.0,432.667,368.0,2824.333,2533.0,2697.667,2406.0,2894.333,2596.0,2767.667,2469.0
130,AI 173,-130.0,562.667,498.0,436.0,371.0,2827.667,2536.0,2701.0,2409.0,2897.667,2599.0,2771.0,2472.0
25,AI 173,-129.0,571.667,506.0,446.0,380.0,2900.0,2601.0,2774.333,2475.0,2980.0,2673.0,2854.333,2547.0
84,AI 173,-129.0,575.0,509.0,449.333,383.0,2903.333,2604.0,2777.667,2478.0,2983.333,2676.0,2857.667,2550.0
89,AI 173,-129.0,578.333,512.0,452.667,386.0,2906.667,2607.0,2781.0,2481.0,2986.667,2679.0,2861.0,2553.0
16,AI 173,-128.0,580.667,514.0,456.0,389.0,2959.0,2654.0,2834.333,2529.0,3049.0,2735.0,2924.333,2610.0
128,AI 173,-128.0,584.0,517.0,459.333,392.0,2962.333,2657.0,2837.667,2532.0,3052.333,2738.0,2927.667,2613.0
31,AI 173,-127.0,589.667,522.0,466.0,398.0,3014.667,2704.0,2891.0,2580.0,3111.333,2791.0,2987.667,2667.0
278,AI 173,-127.0,593.0,525.0,469.333,401.0,3018.0,2707.0,2894.333,2583.0,3114.667,2794.0,2991.0,2670.0
29,AI 173,-127.0,586.333,519.0,462.667,395.0,3011.333,2701.0,2887.667,2577.0,3108.0,2788.0,2984.333,2664.0
70,AI 173,-126.0,595.333,527.0,472.667,404.0,3080.333,2763.0,2957.667,2640.0,3180.333,2853.0,3057.667,2730.0
239,AI 173,-125.0,607.667,538.0,486.0,416.0,3162.667,2837.0,3041.0,2715.0,3269.333,2933.0,3147.667,2811.0
248,AI 173,-125.0,611.0,541.0,489.333,419.0,3166.0,2840.0,3044.333,2718.0,3272.667,2936.0,3151.0,2814.0
234,AI 173,-125.0,604.333,535.0,482.667,413.0,3159.333,2834.0,3037.667,2712.0,3266.0,2930.0,3144.333,2808.0
53,AI 173,-125.0,597.667,529.0,476.0,407.0,3152.667,2828.0,3031.0,2706.0,3259.333,2924.0,3137.667,2802.0
153,AI 173,-125.0,601.0,532.0,479.333,410.0,3156.0,2831.0,3034.333,2709.0,3262.667,2927.0,3141.0,2805.0
93,AI 173,-124.0,613.333,543.0,492.667,422.0,3231.667,2899.0,3111.0,2778.0,3348.333,3004.0,3227.667,2883.0
156,AI 173,-124.0,616.667,546.0,496.0,425.0,3235.0,2902.0,3114.333,2781.0,3351.667,3007.0,3231.0,2886.0
229,AI 173,-124.0,620.0,549.0,499.333,428.0,3238.333,2905.0,3117.667,2784.0,3355.0,3010.0,3234.333,2889.0
258,AI 173,-124.0,623.333,552.0,502.667,431.0,3241.667,2908.0,3121.0,2787.0,3358.333,3013.0,3237.667,2892.0
46,AI 173,-123.0,625.667,554.0,506.0,434.0,3290.667,2952.0,3171.0,2832.0,3414.0,3063.0,3294.333,2943.0
231,AI 173,-123.0,629.0,557.0,509.333,437.0,3294.0,2955.0,3174.333,2835.0,3417.333,3066.0,3297.667,2946.0
137,AI 173,-122.0,631.333,559.0,512.667,440.0,3373.0,3026.0,3254.333,2907.0,3503.0,3143.0,3384.333,3024.0
170,AI 173,-122.0,634.667,562.0,516.0,443.0,3376.333,3029.0,3257.667,2910.0,3506.333,3146.0,3387.667,3027.0
217,AI 173,-122.0,638.0,565.0,519.333,446.0,3379.667,3032.0,3261.0,2913.0,3509.667,3149.0,3391.0,3030.0
241,AI 173,-121.0,650.333,576.0,532.667,458.0,3462.0,3106.0,3344.333,2988.0,3595.333,3226.0,3477.667,3108.0
104,AI 173,-121.0,643.667,570.0,526.0,452.0,3455.333,3100.0,3337.667,2982.0,3588.667,3220.0,3471.0,3102.0
85,AI 173,-121.0,640.333,567.0,522.667,449.0,3452.0,3097.0,3334.333,2979.0,3585.333,3217.0,3467.667,3099.0
172,AI 173,-121.0,647.0,573.0,529.333,455.0,3458.667,3103.0,3341.0,2985.0,3592.0,3223.0,3474.333,3105.0
164,AI 173,-120.0,656.0,581.0,539.333,464.0,3541.0,3177.0,3424.333,3060.0,3681.0,3303.0,3564.333,3186.0
189,AI 173,-120.0,659.333,584.0,542.667,467.0,3544.333,3180.0,3427.667,3063.0,3684.333,3306.0,3567.667,3189.0
57,AI 173,-120.0,652.667,578.0,536.0,461.0,3537.667,3174.0,3421.0,3057.0,3677.667,3300.0,3561.0,3183.0
182,AI 173,-119.0,661.667,586.0,546.0,470.0,3650.0,3275.0,3534.333,3159.0,3803.333,3413.0,3687.667,3297.0
197,AI 173,-118.0,674.0,597.0,559.333,482.0,3745.667,3361.0,3631.0,3246.0,3899.0,3499.0,3784.333,3384.0
19,AI 173,-118.0,664.0,588.0,549.333,473.0,3735.667,3352.0,3621.0,3237.0,3889.0,3490.0,3774.333,3375.0
122,AI 173,-118.0,667.333,591.0,552.667,476.0,3739.0,3355.0,3624.333,3240.0,3892.333,3493.0,3777.667,3378.0
171,AI 173,-118.0,670.667,594.0,556.0,479.0,3742.333,3358.0,3627.667,3243.0,3895.667,3496.0,3781.0,3381.0
261,AI 173,-117.0,683.0,605.0,569.333,491.0,3821.333,3429.0,3707.667,3315.0,3991.333,3582.0,3877.667,3468.0
135,AI 173,-117.0,676.333,599.0,562.667,485.0,3814.667,3423.0,3701.0,3309.0,3984.667,3576.0,3871.0,3462.0
206,AI 173,-117.0,679.667,602.0,566.0,488.0,3818.0,3426.0,3704.333,3312.0,3988.0,3579.0,3874.333,3465.0
161,AI 173,-116.0,685.333,607.0,572.667,494.0,3880.333,3482.0,3767.667,3369.0,4063.667,3647.0,3951.0,3534.0
275,AI 173,-116.0,688.667,610.0,576.0,497.0,3883.667,3485.0,3771.0,3372.0,4067.0,3650.0,3954.333,3537.0
17,AI 173,-115.0,691.0,612.0,579.333,500.0,3969.333,3562.0,3857.667,3450.0,4176.0,3748.0,4064.333,3636.0
127,AI 173,-115.0,694.333,615.0,582.667,503.0,3972.667,3565.0,3861.0,3453.0,4179.333,3751.0,4067.667,3639.0
264,AI 173,-114.0,696.667,617.0,586.0,506.0,4071.667,3654.0,3961.0,3543.0,4291.667,3852.0,4181.0,3741.0
228,AI 173,-113.0,709.0,628.0,599.333,518.0,4137.333,3713.0,4027.667,3603.0,4367.333,3920.0,4257.667,3810.0
183,AI 173,-113.0,705.667,625.0,596.0,515.0,4134.0,3710.0,4024.333,3600.0,4364.0,3917.0,4254.333,3807.0
34,AI 173,-113.0,699.0,619.0,589.333,509.0,4127.333,3704.0,4017.667,3594.0,4357.333,3911.0,4247.667,3801.0
133,AI 173,-113.0,702.333,622.0,592.667,512.0,4130.667,3707.0,4021.0,3597.0,4360.667,3914.0,4251.0,3804.0
63,AI 173,-112.0,711.333,630.0,602.667,521.0,4209.667,3778.0,4101.0,3669.0,4446.333,3991.0,4337.667,3882.0
200,AI 173,-111.0,713.667,632.0,606.0,524.0,4275.333,3837.0,4167.667,3729.0,4528.667,4065.0,4421.0,3957.0
27,AI 173,-110.0,716.0,634.0,609.333,527.0,4354.333,3908.0,4247.667,3801.0,4621.0,4148.0,4514.333,4041.0
118,AI 173,-110.0,719.333,637.0,612.667,530.0,4357.667,3911.0,4251.0,3804.0,4624.333,4151.0,4517.667,4044.0
159,AI 173,-109.0,725.0,642.0,619.333,536.0,4446.667,3991.0,4341.0,3885.0,4723.333,4240.0,4617.667,4134.0
64,AI 173,-109.0,721.667,639.0,616.0,533.0,4443.333,3988.0,4337.667,3882.0,4720.0,4237.0,4614.333,4131.0
245,AI 173,-109.0,728.333,645.0,622.667,539.0,4450.0,3994.0,4344.333,3888.0,4726.667,4243.0,4621.0,4137.0
284,AI 173,-108.0,747.333,662.0,642.667,557.0,4559.0,4092.0,4454.333,3987.0,4849.0,4353.0,4744.333,4248.0
140,AI 173,-108.0,734.0,650.0,629.333,545.0,4545.667,4080.0,4441.0,3975.0,4835.667,4341.0,4731.0,4236.0
147,AI 173,-108.0,737.333,653.0,632.667,548.0,4549.0,4083.0,4444.333,3978.0,4839.0,4344.0,4734.333,4239.0
266,AI 173,-108.0,744.0,659.0,639.333,554.0,4555.667,4089.0,4451.0,3984.0,4845.667,4350.0,4741.0,4245.0
36,AI 173,-108.0,730.667,647.0,626.0,542.0,4542.333,4077.0,4437.667,3972.0,4832.333,4338.0,4727.667,4233.0
194,AI 173,-108.0,740.667,656.0,636.0,551.0,4552.333,4086.0,4447.667,3981.0,4842.333,4347.0,4737.667,4242.0
251,AI 173,-107.0,749.667,664.0,646.0,560.0,4631.333,4157.0,4527.667,4053.0,4928.0,4424.0,4824.333,4320.0
39,AI 173,-105.0,751.0,665.0,649.333,563.0,4796.0,4305.0,4694.333,4203.0,5126.0,4602.0,5024.333,4500.0
148,AI 173,-105.0,754.333,668.0,652.667,566.0,4799.333,4308.0,4697.667,4206.0,5129.333,4605.0,5027.667,4503.0
205,AI 173,-104.0,756.667,670.0,656.0,569.0,4858.333,4361.0,4757.667,4260.0,5201.667,4670.0,5101.0,4569.0
20,AI 173,-103.0,759.0,672.0,659.333,572.0,4947.333,4441.0,4847.667,4341.0,5290.667,4750.0,5191.0,4650.0
124,AI 173,-103.0,765.667,678.0,666.0,578.0,4954.0,4447.0,4854.333,4347.0,5297.333,4756.0,5197.667,4656.0
101,AI 173,-103.0,762.333,675.0,662.667,575.0,4950.667,4444.0,4851.0,4344.0,5294.0,4753.0,5194.333,4653.0
24,AI 173,-102.0,768.0,680.0,669.333,581.0,5026.333,4512.0,4927.667,4413.0,5393.0,4842.0,5294.333,4743.0
268,AI 173,-102.0,771.333,683.0,672.667,584.0,5029.667,4515.0,4931.0,4416.0,5396.333,4845.0,5297.667,4746.0
272,AI 173,-102.0,774.667,686.0,676.0,587.0,5033.0,4518.0,4934.333,4419.0,5399.667,4848.0,5301.0,4749.0
45,AI 173,-101.0,777.0,688.0,679.333,590.0,5145.333,4619.0,5047.667,4521.0,5528.667,4964.0,5431.0,4866.0
96,AI 173,-101.0,780.333,691.0,682.667,593.0,5148.667,4622.0,5051.0,4524.0,5532.0,4967.0,5434.333,4869.0
190,AI 173,-100.0,782.667,693.0,686.0,596.0,5207.667,4675.0,5111.0,4578.0,5611.0,5038.0,5514.333,4941.0
255,AI 173,-99.0,785.0,695.0,689.333,599.0,5293.333,4752.0,5197.667,4656.0,5703.333,5121.0,5607.667,5025.0
131,AI 173,-98.0,787.333,697.0,692.667,602.0,5329.0,4784.0,5234.333,4689.0,5749.0,5162.0,5654.333,5067.0
224,AI 173,-97.0,793.0,702.0,699.333,608.0,5394.667,4843.0,5301.0,4749.0,5831.333,5236.0,5737.667,5142.0
143,AI 173,-97.0,789.667,699.0,696.0,605.0,5391.333,4840.0,5297.667,4746.0,5828.0,5233.0,5734.333,5139.0
15,AI 173,-93.0,792.333,701.0,702.667,611.0,5660.667,5082.0,5571.0,4992.0,6177.333,5547.0,6087.667,5457.0
50,AI 173,-92.0,794.667,703.0,706.0,614.0,5736.333,5150.0,5647.667,5061.0,6289.667,5648.0,6201.0,5559.0
222,AI 173,-89.0,795.0,703.0,709.333,617.0,5943.333,5336.0,5857.667,5250.0,6540.0,5873.0,6454.333,5787.0
14,AI 173,-88.0,797.333,705.0,712.667,620.0,5989.0,5377.0,5904.333,5292.0,6602.333,5929.0,6517.667,5844.0
111,AI 173,-87.0,799.667,707.0,716.0,623.0,6078.0,5457.0,5994.333,5373.0,6711.333,6027.0,6627.667,5943.0
38,AI 173,-86.0,802.0,709.0,719.333,626.0,6120.333,5495.0,6037.667,5412.0,6773.667,6083.0,6691.0,6000.0
286,AI 173,-86.0,805.333,712.0,722.667,629.0,6123.667,5498.0,6041.0,5415.0,6777.0,6086.0,6694.333,6003.0
80,AI 173,-85.0,807.667,714.0,726.0,632.0,6172.667,5542.0,6091.0,5460.0,6862.667,6163.0,6781.0,6081.0
237,AI 173,-84.0,810.0,716.0,729.333,635.0,6228.333,5592.0,6147.667,5511.0,6931.667,6225.0,6851.0,6144.0
75,AI 173,-66.0,795.333,701.0,732.667,638.0,7197.0,6462.0,7134.333,6399.0,8197.0,7362.0,8134.333,7299.0
263,AI 173,-48.0,780.667,686.0,736.0,641.0,8052.333,7230.0,8007.667,7185.0,9325.667,8376.0,9281.0,8331.0
